,0,1,2,3,4,5,6,7,8,9,10,11,12,13,14,15,16,17,18,19,20,21,22,23,24,25,26,27,28,29,30,31,32,33,34,35,36,37,38,39,40,41,42,43,44,45,46,47,48,49,50,51,52,53,54,55,56,57,58,59,60,61,62,63
0,560,244,245,75,191,958,378,202,74,112,528,138,290,62,1479,506,2147,75,1213,1501,1162,151,147,1140,177,116,65,283,396,1127,362,2150,2272,170,827,1179,131,1243,46,561,229,163,586,307,510,313,823,474,269,133,978,61,50,260,73,1412,939,59,43,113,399,101,144,59
1,279,64,1493,1014,673,178,1247,283,376,49,1919,154,219,1111,366,229,573,548,839,46,154,85,87,78,1569,115,952,1153,132,432,1326,240,735,113,161,89,2250,129,155,189,406,219,972,168,150,123,113,121,312,102,263,564,105,526,73,163,4368,75,110,351,849,215,1291,748
2,154,236,231,1247,803,675,128,336,162,161,483,1158,98,1518,95,454,768,187,117,152,133,166,94,452,352,269,248,69,44,59,152,283,102,373,504,2373,588,321,725,137,637,379,1629,111,592,1910,789,444,115,102,70,145,175,70,87,146,72,110,101,241,113,1258,733,578
3,369,524,160,109,54,159,148,128,2436,222,209,259,242,86,158,410,81,141,116,244,162,62,3417,418,1588,414,258,73,151,296,3400,1245,80,122,283,241,51,151,95,359,129,186,366,1111,864,1423,361,111,539,290,376,341,266,338,569,324,249,291,78,155,236,713,148,179
4,283,265,823,103,426,185,540,119,80,1394,710,922,222,61,1258,333,1041,233,100,232,321,352,165,115,250,547,84,1511,61,72,228,147,86,193,111,102,89,92,1080,58,76,190,1002,579,109,172,121,829,146,1224,936,696,635,267,193,3150,43,229,303,374,78,2033,564,185
5,1907,1432,322,169,181,357,98,74,112,244,219,345,318,155,102,89,258,692,356,101,238,625,120,64,89,433,101,1252,155,316,1356,227,101,98,386,135,115,326,2598,137,62,342,436,38,652,1768,310,69,106,98,513,83,136,61,2506,143,93,269,51,71,591,166,50,102
6,138,296,232,77,251,504,582,121,128,128,88,553,823,126,138,57,393,74,58,52,491,162,164,76,150,549,560,158,172,425,475,195,1952,302,115,71,199,192,172,220,116,322,224,596,176,155,182,125,81,464,1731,181,178,208,120,115,298,691,89,74,1710,94,199,359
7,112,591,285,71,295,104,4014,79,488,1504,1066,181,133,75,327,266,456,113,47,60,81,232,372,67,582,124,95,169,46,209,98,741,1597,110,222,91,158,315,84,78,141,607,178,661,335,182,97,1047,824,930,591,875,178,108,106,143,152,109,375,101,237,134,99,1786
8,127,1466,211,257,83,98,541,94,152,184,494,823,3075,894,241,684,228,115,116,388,66,837,202,159,1779,144,230,421,174,368,245,64,295,246,1044,166,99,91,444,1678,297,532,142,533,232,109,2046,98,80,66,470,88,2263,332,52,78,117,550,44,309,136,605,588,156
9,65,53,113,131,87,117,97,765,687,411,531,103,97,102,164,423,279,116,135,82,2127,398,89,2188,782,678,557,226,150,116,626,183,1165,51,230,72,37,132,149,104,159,1518,40,79,242,404,164,142,68,118,548,71,40,47,1044,294,271,212,48,339,464,107,201,175
10,91,134,60,153,2984,285,306,214,88,1351,2500,412,454,152,281,215,79,111,2962,39,927,642,156,152,115,180,1265,429,1101,366,511,92,415,481,970,91,147,301,110,876,1533,635,764,540,308,234,208,229,339,71,1455,345,452,1031,586,85,230,175,107,323,202,265,61,95
11,60,118,2144,498,72,1415,128,113,919,140,320,208,281,2300,261,379,76,156,52,274,312,420,158,163,76,336,91,76,870,163,105,434,1435,546,96,1857,218,69,254,526,1284,104,247,122,116,1747,542,1186,70,184,965,181,271,160,490,101,158,1677,114,506,306,57,294,174
12,69,1165,90,76,157,275,147,232,87,1171,2560,124,299,78,168,242,992,152,686,78,257,688,127,467,297,171,56,138,321,77,214,117,976,96,33,110,68,166,89,74,903,79,123,1176,192,131,477,298,289,657,78,268,105,312,84,727,257,4471,63,154,53,199,299,1390
13,157,588,272,132,2188,253,83,724,327,1925,903,735,1227,116,260,160,84,63,593,174,115,496,2541,153,189,52,544,1462,40,1601,255,52,170,326,95,119,332,88,123,670,268,68,111,294,135,123,109,215,48,345,528,104,774,201,49,517,73,282,194,483,131,91,277,47
14,180,152,753,173,89,2041,115,477,151,595,1365,2397,113,3256,65,127,192,93,437,204,124,202,127,128,720,139,95,1821,87,658,140,671,49,198,210,390,325,1923,89,455,215,845,272,46,166,64,538,140,116,203,429,182,625,227,122,164,42,841,575,56,321,868,566,56
15,554,133,799,855,151,114,86,132,260,419,142,222,234,305,180,415,118,331,1563,122,416,140,134,117,97,293,2551,820,173,66,823,761,1915,1202,28,562,315,41,84,213,89,203,812,141,2196,500,279,82,515,243,140,78,110,163,96,80,3485,72,125,205,102,1620,167,193
16,239,104,129,409,675,40,162,250,966,395,1105,708,199,133,294,604,161,327,464,101,116,1475,107,285,119,730,591,446,1653,1060,1239,84,232,167,374,829,395,3555,199,94,171,149,802,1014,637,551,492,1549,94,396,598,108,331,90,609,316,100,343,372,425,107,160,242,169
17,139,189,124,117,292,86,1675,275,700,913,257,177,72,110,183,88,2529,109,252,78,145,554,104,222,49,93,113,882,209,128,657,410,2998,51,254,79,79,211,101,155,382,62,284,863,217,279,128,54,260,248,138,563,285,188,577,56,837,733,416,215,362,133,1185,2117
18,206,275,182,168,1194,217,499,106,3185,718,108,110,88,79,2865,1731,188,94,3105,240,427,202,194,330,1718,3050,535,129,101,821,176,135,1644,99,99,81,629,67,234,1834,207,329,106,342,1195,435,3711,60,1985,273,690,1558,162,107,811,129,1540,2674,90,113,210,232,149,259
19,257,532,601,586,51,344,517,249,480,3313,206,189,170,121,1519,147,764,419,146,3516,57,515,265,161,179,724,207,92,87,79,1354,497,633,204,152,92,334,338,510,3207,601,302,606,181,113,82,86,395,63,60,1513,43,249,237,854,1408,143,113,399,134,457,171,324,3038
20,824,79,1981,85,170,307,565,661,129,360,683,2499,126,73,2914,159,174,256,134,173,101,109,137,1822,371,859,131,2539,1110,67,118,147,73,133,85,634,78,57,691,374,91,331,404,1680,72,391,1384,1756,112,468,157,561,308,62,294,564,354,63,54,1179,319,85,312,161
21,59,932,124,156,40,157,263,103,2660,215,2119,887,433,4703,413,285,141,143,97,264,266,199,90,422,138,87,259,119,235,98,268,259,113,758,461,106,89,2537,774,66,960,93,139,2600,949,133,297,250,295,404,135,2202,111,260,142,2180,169,65,80,3420,362,67,172,431
22,652,332,81,540,77,708,193,156,240,109,139,458,287,1727,215,667,171,147,254,1537,267,2848,170,453,289,357,145,963,209,81,110,1232,477,1614,67,52,89,141,389,191,127,82,1585,114,102,986,85,354,2539,100,83,1040,103,388,204,135,1807,390,108,64,165,128,72,3177
23,80,95,174,117,166,398,412,84,78,94,100,1490,154,491,340,1619,220,609,173,302,71,1224,1754,195,909,216,311,141,351,140,115,95,1091,1125,79,902,924,384,156,972,259,541,111,125,1048,288,43,603,766,434,192,44,272,88,86,160,92,174,76,87,51,119,217,250
24,240,109,112,96,1958,61,2448,156,193,430,97,176,321,154,81,123,111,770,134,113,312,90,94,82,755,73,1610,88,1146,335,356,610,244,438,348,831,342,141,439,65,111,151,110,630,124,188,1753,108,84,308,3057,673,239,229,242,64,335,1584,1788,111,304,509,134,1009
25,389,181,688,90,86,599,258,277,433,1738,265,91,103,74,625,107,141,76,598,196,510,128,703,126,349,84,160,3034,1419,185,637,90,75,91,173,2497,226,180,2251,3229,92,303,81,132,189,257,133,431,101,185,170,2091,2597,157,684,164,161,298,117,38,116,124,111,129
26,256,216,74,187,207,133,379,2784,604,189,1550,293,198,96,196,234,275,351,60,84,230,89,311,215,1186,71,137,671,254,299,692,91,750,2715,234,456,242,2464,272,104,121,64,267,180,449,336,94,2845,660,228,984,74,727,94,202,574,229,256,345,272,97,246,86,1697
27,341,166,312,96,316,614,1347,105,192,1052,506,3068,260,958,67,463,111,137,48,154,98,130,668,98,310,362,324,168,537,107,3346,71,32,87,467,308,149,239,175,1326,607,2959,1467,420,608,741,211,97,972,428,365,210,526,1447,90,832,147,69,143,202,107,191,219,191
28,460,244,529,762,489,2307,203,151,898,132,94,336,392,154,1933,242,527,364,125,196,75,887,150,604,266,150,365,584,64,1239,65,83,2931,71,273,66,528,92,237,152,752,3485,296,352,80,277,71,69,1229,1574,309,91,483,3716,57,509,186,3372,384,78,171,91,347,391
29,139,75,404,68,375,152,125,332,425,346,657,1710,242,167,152,266,83,46,825,47,172,227,164,124,74,283,2589,1495,188,188,168,3369,399,93,213,96,141,366,391,250,1401,148,129,918,217,157,132,2535,1116,217,901,108,316,68,184,174,76,113,254,98,87,184,180,337
30,275,630,146,639,535,109,141,499,275,216,89,3512,109,265,68,103,65,1194,222,75,92,196,103,1457,179,800,1002,670,93,274,179,205,478,143,643,1227,841,141,199,200,75,354,1166,756,141,105,2705,114,1505,300,2295,635,698,247,205,110,1176,174,350,83,81,1500,87,552
31,310,370,823,209,746,127,68,314,1035,103,108,1280,231,187,74,373,106,225,155,572,182,516,511,138,109,172,115,574,96,311,203,81,234,2454,113,325,115,69,1108,92,219,64,132,2315,882,774,491,128,74,973,374,69,127,75,210,81,83,88,1023,361,50,116,94,1818
32,319,151,172,777,56,110,1194,87,168,866,1641,1323,117,158,512,946,257,855,91,388,113,2407,3370,86,1336,851,99,199,3587,323,88,130,295,415,190,58,343,100,231,88,111,854,188,74,283,383,107,298,586,169,151,210,285,1184,92,363,2825,319,358,642,815,417,40,79
33,439,1042,145,474,277,84,310,68,106,108,1154,39,2083,149,263,433,1249,446,53,126,214,136,166,104,2340,453,85,87,960,390,271,59,1106,141,185,109,98,564,582,123,101,109,105,80,1291,259,463,655,314,351,793,150,2093,87,211,785,86,96,141,138,75,111,284,207
34,318,207,215,492,60,84,78,131,37,128,49,578,133,214,630,584,704,80,89,277,307,78,48,235,220,160,132,59,72,380,95,138,185,101,273,532,207,95,1415,2578,1193,2059,1034,265,63,48,269,1053,79,2214,2884,487,435,1529,332,276,818,1757,130,197,206,278,2044,56
35,308,134,126,647,131,274,2664,41,279,313,622,128,193,231,93,47,165,91,687,614,67,469,191,178,359,393,351,377,1091,2339,1195,275,141,70,460,107,730,176,96,463,40,190,38,80,333,149,111,208,2138,426,119,143,445,345,344,2471,881,105,270,180,90,214,165,90
36,95,1999,80,1047,257,3198,137,108,2320,283,551,1516,193,3621,471,1790,125,284,2649,84,79,107,202,326,361,386,80,202,259,74,1589,228,60,694,60,163,91,52,129,131,181,407,119,300,200,3701,3182,73,722,525,166,149,128,205,105,1765,147,510,211,3087,153,102,147,115
37,77,1035,1514,1306,51,1239,174,111,203,76,183,62,435,87,107,212,100,424,86,257,1620,1595,798,313,827,668,115,128,310,674,119,719,1558,1449,148,130,81,1106,186,1040,721,131,1259,110,633,81,2323,259,573,76,144,115,376,112,148,203,571,145,908,199,229,366,115,449
38,782,149,395,2466,97,173,529,565,333,401,221,815,130,1533,948,778,195,78,72,38,384,147,170,433,148,50,193,261,1633,183,77,1517,157,779,74,481,95,120,53,597,1395,218,1743,1202,154,662,240,382,199,277,184,157,326,1109,1186,356,1969,720,2134,414,87,158,47,175
39,698,572,147,175,118,138,356,219,408,295,245,732,527,454,1951,611,94,393,216,187,216,93,3027,521,83,2172,193,296,791,1427,946,1206,252,615,78,346,267,64,772,109,61,3032,105,302,52,133,120,230,498,233,328,287,126,36,233,220,139,263,130,102,317,132,405,154
40,219,230,419,47,81,73,594,481,299,316,309,343,358,816,160,361,185,1180,84,151,196,241,2831,393,498,205,458,89,559,261,137,89,348,116,317,1468,288,108,91,202,52,119,225,191,2716,239,250,1420,312,369,49,117,152,690,442,169,88,138,126,147,671,481,91,346
41,1181,302,101,365,133,1326,112,305,1591,414,112,244,84,99,927,1151,84,157,132,377,120,76,140,225,456,804,127,227,312,350,277,715,257,455,464,57,179,309,314,397,326,163,167,374,196,116,556,1225,240,115,254,2557,197,1774,78,214,143,270,113,237,93,193,79,528
42,2116,107,2389,320,347,1440,55,173,165,267,76,291,520,116,96,725,122,990,676,120,211,196,1152,423,44,2998,121,54,373,47,219,290,164,1940,113,336,148,156,101,339,176,149,1706,230,133,1335,195,572,1720,117,83,1753,120,276,54,74,157,974,222,1829,226,118,97,175
43,628,90,65,2247,122,112,79,344,114,974,133,126,72,97,138,435,165,77,56,103,67,219,114,115,162,269,103,54,211,198,2024,525,175,48,2437,50,268,1036,155,424,227,61,58,99,192,585,198,361,442,128,325,84,331,97,353,156,62,2442,803,144,145,2873,129,817
44,323,2149,139,56,101,179,634,227,256,2018,965,269,1368,151,125,87,120,2084,154,77,120,147,2285,498,320,112,125,430,760,524,130,216,129,311,133,1155,189,87,295,114,316,165,79,707,148,164,354,90,330,176,2358,144,317,195,149,506,31,327,51,264,187,383,140,78
45,68,78,76,192,272,63,82,171,124,387,733,65,954,306,627,69,389,86,476,124,970,158,169,1150,341,506,142,141,107,254,537,328,272,64,339,427,222,38,964,68,93,183,766,80,344,1772,402,1463,892,83,1217,1586,150,109,391,73,1707,42,331,61,148,293,307,104
46,113,335,1925,1171,272,211,231,66,124,3473,58,218,263,163,72,421,70,595,2156,146,3093,595,144,1764,110,146,129,438,700,2155,90,674,83,203,1950,77,250,42,143,68,417,487,56,449,2265,3497,119,418,55,92,107,780,483,608,301,793,220,416,613,875,1405,57,364,329
47,108,50,287,229,349,64,228,173,599,313,183,297,201,148,170,372,171,129,71,108,805,75,1125,120,107,201,2059,150,683,3906,677,141,126,253,289,280,133,485,370,80,107,85,94,95,118,748,163,255,102,334,100,130,107,287,56,115,174,784,253,2265,335,177,2270,131
48,179,313,62,3575,1909,294,90,3627,184,86,104,110,106,48,294,337,138,341,773,125,90,143,343,647,296,754,432,107,238,127,113,2082,260,271,71,2011,140,73,539,63,873,133,98,162,427,2857,458,123,366,1700,960,169,140,140,121,1984,261,228,313,123,184,1651,147,116
49,99,146,86,316,3025,750,396,346,120,171,615,137,1627,568,245,101,93,75,3283,56,73,387,210,146,64,691,220,1115,155,91,338,525,149,77,1695,409,243,94,640,95,260,2817,360,108,208,241,178,439,158,145,746,3839,272,126,98,102,532,347,257,1727,3666,1021,365,190
50,74,681,120,263,359,403,82,189,81,1299,272,1798,95,200,54,97,143,2217,124,55,113,484,1452,228,118,175,157,95,848,2891,207,511,556,1626,1998,140,1455,97,145,233,232,1207,152,432,1595,165,209,1437,153,690,1441,119,1535,75,217,236,2305,1178,1527,174,268,260,599,90
51,320,90,616,85,160,174,107,230,110,50,238,1394,241,694,47,276,166,280,505,132,125,464,266,398,1342,45,1150,583,71,94,710,155,162,540,103,1732,120,328,109,513,156,65,163,130,135,111,148,268,605,207,119,1545,65,56,608,97,429,61,94,186,115,284,138,102
52,124,278,74,206,1119,313,723,133,608,106,192,2235,79,355,78,193,109,372,737,272,97,266,862,271,241,78,228,108,126,1016,66,91,382,2869,49,1056,240,677,102,103,478,49,314,65,81,188,187,983,94,57,631,722,202,125,338,350,1446,408,111,153,99,1393,366,108
53,1052,1217,116,116,279,435,161,760,1411,133,753,166,68,1071,392,179,121,127,182,729,577,1088,486,2710,106,299,234,389,132,366,2084,450,62,294,1775,362,140,241,331,102,328,100,301,56,89,192,75,268,404,1072,806,193,197,233,852,166,131,191,537,297,2170,557,465,508
54,134,522,96,640,486,638,115,605,129,100,834,150,94,183,75,215,340,1061,84,56,644,254,410,161,202,229,319,123,107,956,99,105,254,96,43,143,329,109,35,120,65,332,88,176,95,188,324,236,422,204,388,396,196,1633,2458,63,504,65,935,247,1649,209,305,103
55,443,77,204,92,263,121,181,85,76,112,351,185,142,104,149,2061,520,371,330,1211,554,114,135,177,78,545,124,495,283,119,511,93,148,611,303,314,1087,510,193,80,77,127,1312,89,807,247,127,151,129,46,206,86,920,165,132,610,117,539,111,54,342,75,42,729
56,229,198,96,414,300,2055,88,124,208,132,120,60,710,167,519,247,108,223,90,293,137,194,67,175,236,143,449,188,777,283,2856,58,130,385,459,146,298,250,244,47,94,495,179,1393,3493,915,182,310,301,118,353,145,445,64,980,1067,546,229,275,335,377,303,147,189
57,254,97,194,1565,368,178,373,113,93,1470,359,129,466,226,165,78,232,332,87,143,1375,330,344,71,494,374,895,733,92,334,944,1732,691,162,120,482,359,79,40,150,114,1023,147,735,56,109,249,148,1635,228,56,340,247,850,419,121,3862,1685,216,1460,121,130,370,159
58,569,323,42,393,229,541,261,85,143,766,1861,99,2671,1543,1903,85,71,120,113,221,249,374,529,214,1925,232,93,68,585,175,71,92,208,708,1034,77,222,514,213,2287,42,620,134,579,242,1917,95,152,2123,73,534,1138,352,228,315,529,91,66,77,3187,172,93,57,166
59,97,324,343,114,476,1075,160,585,72,147,254,623,2489,231,116,407,1043,54,126,244,325,81,117,133,165,697,125,305,328,212,52,1599,125,166,736,182,1433,275,965,99,69,443,339,122,76,497,332,91,472,558,56,180,114,604,53,554,220,136,146,255,600,1501,1011,1277
60,2075,134,69,512,137,103,700,368,285,152,392,2281,128,52,214,455,122,145,380,211,140,1123,138,1649,137,876,431,951,277,99,520,100,1831,93,531,116,362,176,125,324,73,351,655,646,133,520,265,84,223,638,122,90,184,147,235,86,235,167,77,588,941,331,324,434
61,253,138,122,212,380,120,160,267,186,71,861,464,103,665,591,135,768,121,209,84,315,580,274,380,569,49,285,1068,1186,1247,1182,470,277,97,1266,331,620,362,108,263,423,594,97,139,120,3202,1133,209,449,73,563,724,1082,118,119,124,548,727,51,686,716,146,104,382
62,184,765,91,519,96,166,1226,180,777,139,73,455,124,161,2407,321,109,50,1119,468,157,169,1408,156,1988,41,479,84,225,1278,160,130,191,66,147,2253,368,112,108,127,94,202,190,207,282,108,113,1503,156,97,3027,100,410,749,113,96,1970,278,83,280,205,286,1482,597
63,455,140,97,3440,231,250,218,186,928,149,69,39,966,986,121,263,939,457,124,119,103,131,261,498,185,98,2089,796,967,240,92,86,174,238,132,158,113,266,48,84,642,263,666,215,434,394,622,120,310,115,148,174,435,1567,93,174,373,64,818,371,130,578,433,100
64,100,204,631,1243,109,224,492,798,732,302,206,112,375,73,68,382,718,339,233,140,1725,141,621,81,96,568,1544,1243,242,259,94,368,525,147,238,113,65,389,136,26,2449,81,244,244,82,1010,462,74,246,180,1713,82,42,92,141,103,78,159,132,59,97,1004,59,535
65,54,85,1471,1315,214,328,367,107,74,257,122,265,1875,57,288,369,97,600,77,515,609,133,515,580,343,246,142,97,60,77,352,96,179,162,469,104,522,838,242,110,98,46,224,47,455,1012,100,297,227,1058,917,138,279,399,199,112,41,1166,2710,1298,135,1707,190,905
66,81,189,118,107,860,365,102,2591,75,184,233,752,99,146,333,158,150,152,54,281,356,132,300,203,70,218,117,278,116,179,136,67,276,78,445,194,1847,453,348,71,2258,184,125,1958,168,143,196,120,141,164,535,505,513,370,119,1634,99,84,92,84,944,1056,370,53
67,87,274,440,377,2417,112,99,115,120,106,91,875,99,278,185,344,210,458,2256,62,579,1344,64,1118,230,174,2324,1137,412,111,113,236,469,1462,137,134,292,626,287,155,135,127,713,189,411,261,143,345,205,109,122,52,1284,231,139,189,389,152,2437,111,432,248,146,194
68,63,433,134,114,94,202,228,829,48,2698,395,414,103,469,1306,145,124,337,476,360,1226,883,271,192,85,688,151,2158,160,91,1552,130,79,265,1102,485,179,295,1016,1974,579,1182,186,536,180,433,287,92,1381,1217,418,200,483,267,414,325,74,96,71,130,381,665,90,235
69,1061,176,243,297,122,161,93,124,106,432,196,227,223,130,88,419,33,310,200,310,102,484,713,2405,99,109,336,81,478,340,714,142,177,200,266,237,48,107,93,214,442,756,88,57,61,354,1258,321,121,1676,949,87,1306,135,184,260,223,78,292,389,199,220,402,966
70,62,188,73,167,754,265,393,1284,387,831,132,64,535,216,769,153,834,347,1149,523,109,1281,125,563,60,589,36,353,442,501,171,213,243,525,63,124,97,190,85,70,39,193,99,41,113,113,665,218,174,92,993,499,255,153,177,138,276,2604,91,367,119,175,93,319
71,122,1068,675,118,50,268,128,314,63,399,301,2334,49,1708,1044,154,506,130,296,603,153,106,275,387,1997,226,75,158,138,103,416,59,78,105,106,67,124,123,454,1135,922,174,93,92,260,111,92,134,1323,2499,3071,1533,708,108,48,800,105,230,885,120,667,134,1149,186
72,96,325,261,2239,145,49,61,2219,309,1480,567,122,234,457,124,578,70,279,973,81,153,129,47,617,1027,100,130,177,112,82,83,1708,175,82,90,439,458,34,1346,1565,2536,344,225,845,415,2404,369,153,320,1201,80,344,357,448,235,421,125,111,190,172,423,412,78,3050
73,96,534,1174,127,458,193,100,282,253,121,454,122,59,703,426,101,80,317,205,151,267,348,63,102,129,103,118,629,338,396,186,155,388,401,747,187,299,120,352,513,106,123,144,67,261,227,395,607,125,285,60,415,1681,245,654,2715,988,555,270,596,136,1184,1151,1403
74,814,89,369,1254,67,113,119,31,1102,91,281,107,166,118,867,69,589,999,251,2724,193,86,1916,104,176,63,413,588,48,101,352,459,302,124,96,2191,85,362,204,540,201,1043,150,434,961,156,65,257,113,2855,278,260,57,95,331,145,188,455,161,92,95,161,892,346
75,730,425,286,1186,470,334,87,70,122,93,69,71,481,160,70,111,551,601,349,1084,45,2319,95,295,2253,232,117,726,449,69,3767,64,505,101,229,116,2942,445,900,2383,80,377,68,328,63,430,127,385,616,118,155,49,162,54,683,305,65,766,99,522,54,78,98,111
76,102,470,126,67,138,97,179,584,138,154,273,105,451,130,114,125,647,1249,279,127,200,464,149,2428,174,570,973,125,147,211,156,2845,71,659,175,67,300,131,50,118,246,81,961,928,294,144,151,76,615,282,266,70,261,122,73,98,882,158,757,55,246,81,259,88
77,302,152,779,276,1367,992,127,332,952,179,118,178,326,219,53,517,457,425,508,2334,65,150,143,485,312,317,240,103,482,237,2415,321,397,141,608,1375,146,146,258,366,212,80,217,233,851,86,199,123,116,682,543,154,106,132,2500,601,476,3319,539,294,92,47,62,168
78,73,66,63,56,95,79,39,239,248,328,428,577,159,246,1646,154,92,1462,269,76,67,149,1394,121,455,111,322,206,428,124,237,67,80,68,56,325,1094,129,136,1096,310,133,344,449,65,90,166,712,176,288,890,125,239,63,152,81,589,138,511,103,397,1815,421,1687
79,60,174,239,283,43,287,193,1030,237,145,496,168,135,2760,64,348,128,428,212,293,1673,1360,400,144,74,509,2563,250,444,244,201,159,44,446,101,270,94,39,376,302,545,200,2960,377,94,2086,354,141,253,70,370,947,2517,138,79,272,91,2629,244,1862,265,60,117,382
80,170,80,102,1050,1703,120,125,176,425,236,344,594,308,127,140,172,160,96,197,89,41,81,263,213,492,387,391,664,3084,145,487,292,659,549,66,767,114,334,114,2134,2195,105,107,85,2251,2119,120,128,72,51,777,271,90,1122,3091,117,444,121,516,53,152,139,99,674
81,78,79,129,176,253,85,161,1495,89,804,94,214,182,63,294,91,111,3542,880,284,199,462,72,2305,174,96,538,85,208,99,115,186,605,403,76,103,86,666,126,87,240,266,86,126,2730,978,375,677,210,131,1205,800,123,272,70,2901,603,116,3365,459,189,106,263,120
82,114,160,1818,102,360,91,1980,70,115,170,240,127,273,212,191,115,128,3181,272,2628,202,190,461,335,82,186,65,589,1359,786,538,762,437,133,52,208,686,232,178,197,1213,872,204,121,376,245,88,429,3160,142,69,821,524,82,116,232,159,182,172,312,95,157,50,1516
83,88,70,235,177,100,142,911,941,266,46,268,48,68,145,75,1527,449,2696,1272,84,284,112,739,87,671,53,140,202,187,92,73,1821,180,92,3932,88,533,182,1757,173,100,682,95,1846,263,413,70,541,123,1174,75,335,216,1970,159,72,1660,283,45,48,481,38,135,555
84,152,136,175,85,219,2595,260,389,858,618,1512,1195,63,405,3007,256,76,203,101,1962,97,143,342,1002,46,52,336,144,211,145,891,115,286,524,61,1661,262,60,197,215,945,74,149,75,74,77,1043,141,295,930,1194,115,170,147,263,185,55,157,251,1163,432,124,281,541
85,98,143,66,127,126,101,344,829,291,108,109,98,66,52,2154,92,136,1261,121,345,354,295,193,2066,72,123,124,85,187,278,762,231,1109,442,378,74,1304,1334,140,99,180,526,203,99,932,69,1101,108,152,128,1324,538,88,179,236,91,545,437,1241,273,202,2162,2759,129
86,74,198,2313,523,106,163,55,147,865,198,1249,878,76,683,174,155,200,623,1691,47,127,85,555,105,81,489,452,66,423,78,136,163,144,516,67,90,138,2720,228,2190,83,179,2774,100,174,41,345,95,849,151,1041,1839,1406,487,230,209,68,1287,111,224,250,144,602,131
87,123,1082,319,822,613,319,152,129,576,62,723,46,119,111,250,877,142,169,70,399,1436,1210,1420,820,2570,126,298,167,90,90,129,199,129,66,264,95,215,1877,114,180,463,218,59,64,1794,507,51,360,98,190,947,74,1119,240,345,840,1573,398,141,138,98,170,162,48
88,94,102,1270,241,297,113,102,225,372,589,292,2492,1194,1424,176,189,233,95,1159,2608,221,194,165,399,285,218,186,77,232,87,203,80,62,358,193,207,182,110,499,240,83,128,794,110,2058,285,81,250,70,55,80,66,379,54,2654,1418,139,65,91,348,136,186,1540,106
89,131,233,106,1632,148,289,237,1024,421,232,100,114,157,42,180,211,148,437,726,196,130,1774,293,252,100,1211,795,243,90,1254,57,86,75,58,1448,63,138,69,439,229,145,660,310,280,347,95,80,205,525,1181,107,1138,368,105,72,238,598,295,212,232,130,2399,2066,121
90,433,278,1473,82,263,33,452,62,75,66,44,531,50,278,2384,3784,364,100,1840,209,1033,386,1154,438,630,1188,222,84,3229,155,936,230,1561,244,239,165,341,114,1211,1250,902,1146,259,108,520,383,515,570,544,627,221,1066,361,391,62,122,63,108,816,152,1362,205,665,894
91,2248,332,820,77,651,137,152,803,267,514,505,177,1621,208,541,316,1045,412,257,148,90,62,218,487,255,115,3090,111,264,104,98,86,117,557,191,113,354,1606,139,233,219,141,336,395,173,165,64,321,136,147,167,210,450,1127,187,152,1750,1582,2518,127,134,1095,236,120
92,61,140,1591,828,299,52,599,101,136,89,83,74,104,437,57,169,603,412,255,124,195,403,79,199,92,422,157,176,273,449,160,178,245,1094,344,323,168,148,102,116,230,248,30,486,106,2965,79,270,267,1287,98,181,444,216,106,1558,300,186,88,265,720,125,86,97
93,84,88,1582,77,97,1369,80,235,493,53,155,79,100,289,1422,201,74,265,179,501,65,236,535,227,63,765,2421,444,1022,1292,87,1087,1892,108,112,375,319,70,510,236,326,52,257,111,84,1513,704,1038,579,561,316,353,89,363,495,229,139,82,109,397,471,1523,311,162
94,89,383,318,281,94,795,148,52,91,113,116,113,660,115,170,203,267,984,50,163,2518,515,84,70,82,181,748,97,2642,70,1159,348,699,160,2115,1283,297,664,830,184,220,1614,121,268,59,147,554,185,119,414,82,215,204,140,175,47,210,439,408,1061,80,175,234,206
95,3255,180,1138,91,156,1735,82,522,719,257,156,61,239,147,278,122,2746,141,150,48,313,518,43,574,580,177,335,510,281,568,83,161,198,111,611,1352,858,2092,83,114,254,176,577,127,231,142,245,74,64,302,245,1366,77,147,168,558,91,78,57,62,176,321,108,94
96,88,102,247,592,178,111,147,88,374,217,189,92,132,165,112,668,252,97,633,165,192,125,72,895,193,269,192,104,219,75,639,1657,87,1469,40,263,138,257,39,103,91,151,169,197,310,222,492,132,132,723,147,166,164,213,194,192,185,189,1384,349,66,308,486,102
97,224,170,322,309,449,1353,1557,246,97,244,614,413,403,572,992,2507,185,658,636,93,144,183,96,540,109,187,320,353,721,86,63,414,277,995,257,1541,172,100,64,1872,281,718,214,944,150,343,351,68,356,407,725,117,62,236,617,60,115,92,198,54,117,2129,327,80
98,185,2262,1163,1250,146,195,202,648,543,668,134,213,118,153,281,102,125,204,190,1022,121,813,448,187,504,50,86,569,152,42,108,129,258,114,153,67,95,52,525,210,539,56,138,2487,503,183,938,221,354,258,90,800,551,706,201,186,222,142,175,199,2422,100,119,816
99,56,86,145,55,96,430,633,63,136,874,735,86,143,93,208,204,172,253,370,394,1028,820,86,303,480,612,239,350,142,380,317,403,872,62,1752,88,83,97,472,408,499,144,108,294,68,191,491,178,277,168,111,151,431,564,1033,149,41,501,195,72,188,56,224,201
100,224,795,82,205,143,809,236,208,139,889,81,970,1955,1838,899,549,160,161,382,416,441,188,167,82,267,104,241,264,63,702,83,120,481,337,124,69,92,365,820,128,1967,89,578,50,250,358,219,855,138,83,249,125,120,92,77,342,785,192,1051,336,86,279,143,966
101,127,1145,100,181,118,171,260,142,3851,196,508,233,597,179,584,164,162,365,67,272,2631,133,262,73,252,401,60,378,445,236,950,159,587,415,1181,438,52,472,115,200,630,655,57,69,435,1107,894,620,1617,884,155,139,651,290,155,476,66,771,197,1841,104,143,235,73
102,1056,101,178,1434,1520,87,156,1793,100,272,160,68,218,144,75,76,429,212,343,130,71,227,700,638,146,267,134,119,99,320,1515,269,371,52,373,113,232,97,91,399,163,478,212,102,1052,90,1177,132,108,1640,290,68,552,149,3007,222,122,1035,199,424,999,1107,600,1865
103,88,217,67,105,131,152,290,73,248,3146,501,181,172,112,74,630,221,61,126,662,252,226,136,94,97,227,408,81,233,271,180,65,701,96,396,125,165,70,201,52,1413,292,61,302,67,362,509,174,849,295,235,175,83,37,140,1705,127,391,506,115,2078,115,161,284
104,103,68,185,106,2898,105,306,3384,1451,217,248,70,95,268,576,137,1831,543,400,119,341,99,793,111,50,102,551,3343,81,179,208,41,220,100,68,566,113,563,324,252,104,630,585,60,145,219,369,82,109,87,59,474,1043,84,192,386,231,1839,2707,158,122,228,70,513
105,1221,206,130,485,424,102,227,2250,284,58,295,699,1162,2985,1636,156,107,702,98,72,152,123,135,229,1383,154,2637,88,238,143,521,289,1929,116,734,97,107,420,265,63,195,211,110,445,275,152,101,120,1525,119,3365,67,559,148,232,87,404,111,139,543,190,1303,305,40
106,56,561,492,110,119,57,373,1025,598,679,63,189,132,370,496,563,140,460,556,198,773,108,453,79,168,135,105,440,109,141,518,2492,87,311,240,697,81,590,616,165,169,480,118,519,601,106,220,316,838,1450,362,58,894,142,127,96,154,804,302,107,379,467,292,98
107,1430,1052,957,81,126,591,1318,2362,155,98,139,141,99,932,66,189,2918,1844,191,67,415,225,783,478,74,1027,176,285,205,118,583,232,76,433,140,225,2835,98,372,53,501,3439,221,322,318,334,429,2297,102,785,149,91,123,555,82,105,294,266,389,300,766,135,1302,73
108,61,212,83,472,109,459,86,3632,387,75,733,963,820,83,84,157,148,173,103,631,86,358,321,3709,185,396,931,59,53,995,283,731,1504,587,695,72,479,84,1369,384,245,137,104,259,149,2459,187,518,58,987,303,193,611,129,640,2010,1505,555,95,497,33,1881,112,141
109,282,46,3284,94,148,118,272,460,232,598,808,1150,188,66,993,106,1138,323,171,443,79,1358,867,320,62,83,176,133,194,242,47,1699,489,1941,117,1872,165,114,72,182,619,736,124,89,48,157,131,106,205,1959,84,345,219,422,62,96,293,392,130,249,182,68,974,180
110,199,898,122,121,109,46,126,283,132,148,217,411,183,147,54,60,543,52,58,130,630,121,114,1176,584,254,202,1284,1891,1263,729,45,95,64,130,117,174,205,761,117,60,231,311,424,571,189,558,125,206,301,195,168,230,152,190,1116,136,212,874,147,62,121,282,563
111,1432,802,324,198,67,1034,228,334,267,1273,448,127,95,165,218,228,466,409,59,1323,290,213,891,70,84,590,372,85,237,832,1316,91,185,122,159,299,124,190,122,73,311,49,92,438,165,205,885,166,102,208,319,2004,59,168,1820,513,333,642,225,33,97,124,435,101
112,113,315,1023,504,185,2491,122,97,2212,503,65,181,126,242,753,457,161,74,108,471,433,138,240,174,254,108,921,146,168,508,404,173,160,681,1405,2150,260,54,98,104,832,350,293,480,91,124,84,154,103,840,105,1267,104,82,222,242,263,175,85,52,288,71,110,153
113,61,39,136,156,504,129,45,114,137,1325,683,738,533,608,223,134,89,322,118,370,88,547,248,88,172,391,239,475,90,90,147,460,1332,193,318,164,73,111,136,1054,109,241,138,482,447,83,123,970,660,224,105,210,199,472,118,500,3100,186,317,410,302,129,227,173
114,3483,106,229,464,112,1513,343,110,129,390,1555,823,63,123,2450,93,105,893,287,263,170,220,58,70,71,308,1022,253,116,150,1658,233,3744,363,202,307,153,96,199,258,300,291,156,702,1158,87,129,113,181,193,2489,3951,294,195,1058,78,842,129,486,1916,518,754,988,1987
115,235,130,984,349,208,160,200,1293,576,101,94,81,71,158,146,191,536,2406,146,101,150,217,1922,307,298,328,1288,1159,599,540,69,61,214,554,1779,86,175,331,131,82,114,141,753,2026,1756,256,909,135,103,267,441,109,1382,49,203,169,53,363,446,256,165,153,395,989
116,1750,77,142,102,376,126,106,20,839,1008,69,199,96,613,68,122,150,237,243,427,192,50,298,169,147,98,2125,975,248,85,303,109,132,66,137,320,76,123,87,107,440,244,133,186,188,499,612,240,1715,170,142,373,304,171,369,67,170,135,192,67,162,144,385,234
117,106,104,399,86,80,377,318,645,133,449,74,356,68,83,173,2411,206,113,1436,235,458,83,106,564,3883,87,113,1428,1038,120,879,114,190,1102,63,486,103,40,715,411,1718,2433,88,1296,61,1123,618,349,72,290,590,998,66,127,4104,349,118,806,325,605,148,593,163,220
118,660,264,85,535,358,166,891,1129,427,626,216,2346,489,1,91,127,278,1018,459,135,354,44,290,1140,356,87,55,265,296,303,59,159,403,1451,68,203,88,125,718,506,80,114,169,47,280,553,472,525,156,132,400,96,309,127,59,1145,327,57,225,2419,107,88,558,338
119,364,796,75,209,967,319,436,156,273,135,246,1744,602,166,329,106,231,285,198,253,692,127,2711,205,89,124,551,521,124,197,143,58,337,108,109,27,366,63,357,217,650,2516,75,496,1121,85,432,665,508,95,111,72,712,286,212,333,1753,16,131,1205,1145,83,274,99
120,107,674,104,112,468,1594,2897,749,69,197,113,741,247,240,58,113,198,62,124,71,264,384,128,322,162,70,115,2251,297,126,3300,107,98,3358,708,2801,81,395,82,65,160,62,78,241,140,68,399,286,77,114,153,131,67,66,953,894,108,249,959,173,120,116,213,291
121,138,387,209,168,213,219,181,110,74,425,942,249,97,119,67,153,593,348,194,34,545,106,161,54,175,58,85,127,235,124,164,619,103,216,77,166,198,164,549,124,1237,538,104,746,300,977,243,1761,112,82,719,232,153,95,90,2532,2092,370,182,132,476,92,136,123
122,378,1826,194,74,781,66,62,278,177,58,111,347,2031,135,813,130,73,93,156,50,171,2542,128,303,1318,154,39,1507,58,432,104,176,298,78,494,477,2689,2858,903,1173,167,1962,309,53,315,686,114,417,206,315,367,378,119,90,158,1611,236,71,1172,2415,51,1053,176,1518
123,2934,44,90,142,237,85,295,823,97,172,104,320,104,112,71,153,148,190,482,66,96,216,168,218,856,213,852,124,332,184,184,2052,130,295,93,439,73,298,146,98,50,603,100,190,73,65,1310,46,772,134,84,149,218,284,862,206,239,55,90,812,127,3395,156,124
124,96,58,517,590,341,201,68,149,147,167,245,95,403,1782,292,78,285,986,290,81,3074,60,140,46,805,158,195,85,234,1546,331,236,66,106,89,210,96,204,136,539,142,1128,106,299,184,1765,100,89,514,163,157,109,754,348,157,293,962,48,1353,209,339,250,48,350
125,77,117,64,95,162,207,1737,450,115,98,987,406,524,444,471,130,132,132,178,3026,92,134,48,313,898,638,78,52,229,80,112,491,364,916,1791,823,76,370,156,175,1507,3366,78,170,95,1286,169,105,81,1249,493,526,1851,167,284,179,122,506,57,482,65,246,201,248
126,89,570,149,35,4563,1263,82,278,246,53,131,869,1872,269,688,619,87,427,310,126,409,155,71,151,166,120,59,87,59,2061,245,116,175,476,348,168,111,78,772,740,522,414,140,233,93,92,88,79,300,761,613,193,635,1111,133,407,251,91,135,317,57,128,407,49
127,2988,442,1328,312,104,71,188,605,262,233,173,376,238,180,414,532,2173,599,138,178,38,173,950,254,111,318,312,101,681,529,53,173,67,97,125,544,81,201,84,227,460,46,942,151,1964,756,126,483,162,377,90,48,108,114,73,660,1077,358,187,641,127,285,322,65
128,179,70,135,91,92,456,122,233,278,88,74,296,152,68,183,137,1921,2605,536,865,152,181,51,173,141,100,67,137,53,1132,90,84,182,393,186,52,69,95,71,353,412,62,117,3194,435,110,160,93,115,767,265,71,385,821,1425,1822,125,172,262,438,785,206,86,2771
129,464,1298,88,117,2189,355,224,146,140,85,286,108,298,135,1060,67,1288,216,112,133,186,289,132,113,1456,119,263,3573,168,273,2093,176,2926,428,789,134,71,196,473,337,139,442,296,60,307,137,156,99,89,1136,116,304,161,156,137,267,358,144,1122,1829,404,252,137,63
130,307,200,124,110,466,284,426,140,141,173,619,95,270,158,96,1699,484,85,520,161,165,292,44,61,88,176,3021,3508,85,238,474,57,292,1113,1096,58,672,63,785,89,1200,106,113,73,267,179,325,104,59,57,342,572,176,577,359,61,2884,287,60,546,216,2204,131,128
131,360,143,833,173,174,262,94,77,204,80,1433,130,57,456,366,2442,945,52,53,1922,82,988,576,384,193,205,275,173,1898,198,1396,128,74,303,525,1720,615,788,201,2188,149,3269,68,93,138,319,122,1399,364,691,907,424,59,1381,105,52,2908,99,50,905,1036,268,411,1753
132,86,1752,65,212,68,175,65,254,519,620,218,362,77,158,169,511,190,91,1366,291,403,138,232,2078,155,130,86,107,89,1887,230,1080,103,557,160,117,73,116,1119,106,165,114,3016,64,50,2472,655,97,111,100,639,156,114,232,118,90,69,432,474,2801,319,497,922,946
133,198,574,117,234,84,175,211,526,2211,1318,203,100,524,108,308,793,44,79,74,359,157,466,266,97,180,85,217,114,245,99,389,244,192,95,270,594,666,53,155,116,371,51,408,228,96,984,970,263,115,128,26,147,141,173,223,440,547,274,267,166,337,82,393,139
134,1161,176,149,997,351,55,88,233,1027,58,166,106,251,1287,520,87,1236,164,137,925,1284,147,51,361,41,106,744,154,410,1342,1071,98,1050,249,104,130,1137,214,264,160,110,146,107,253,178,180,214,184,417,614,146,2467,1185,245,88,89,111,59,172,398,103,1556,363,359
135,85,108,480,146,554,131,470,192,136,328,1354,96,132,134,849,219,68,120,706,114,1800,130,205,311,499,134,119,182,84,203,115,2191,202,367,263,103,162,81,1756,2122,353,125,1275,356,301,184,611,45,1131,422,120,102,1219,251,191,595,1646,2782,133,151,110,389,213,126
136,919,729,859,332,247,208,143,131,52,176,422,112,986,88,78,121,230,49,238,116,3700,170,138,117,900,491,93,169,151,188,84,616,108,550,1683,590,380,1502,1401,1476,321,2889,247,163,269,156,361,126,76,300,181,552,2820,56,175,81,90,144,174,97,378,185,154,149
137,238,1884,1038,183,377,374,125,127,160,646,143,2521,252,308,233,121,180,543,302,48,244,151,69,1344,148,99,612,305,54,279,1639,132,97,124,126,641,56,598,358,565,200,63,463,3167,249,504,355,259,73,842,89,91,81,1109,407,38,84,136,259,236,173,477,295,176
138,238,62,153,115,139,126,729,538,62,49,389,65,117,911,1177,135,1000,150,1672,290,109,938,172,148,64,128,57,116,138,350,108,917,388,1323,231,315,1207,387,178,114,773,187,930,612,170,133,226,92,1098,41,91,204,147,142,130,444,415,88,854,1415,443,84,378,76
139,974,274,56,61,108,124,110,116,185,470,66,203,1366,734,52,475,104,444,514,1519,98,90,82,116,1548,315,408,293,204,116,204,149,87,178,691,204,96,3794,196,119,256,659,274,178,100,39,86,75,419,93,1227,1587,578,2288,491,558,318,138,88,1896,108,369,93,55
140,136,251,72,360,1035,108,438,236,148,159,92,158,852,49,402,309,133,1730,232,209,94,104,101,96,2442,177,85,89,95,398,77,94,449,401,62,441,321,95,116,377,70,170,466,1340,552,294,140,918,521,151,90,852,76,890,76,132,581,103,99,377,139,2547,667,250
141,76,96,199,140,594,89,559,1261,84,200,153,203,458,299,33,326,424,204,514,255,135,289,855,120,563,1178,139,364,106,908,197,158,284,232,44,224,107,99,255,2039,1621,107,474,52,80,149,137,251,168,1527,164,128,194,1029,512,400,870,82,100,266,208,388,199,251
142,429,314,699,79,291,140,47,810,176,188,94,1632,115,84,158,643,353,68,176,364,454,115,100,649,744,129,95,177,101,56,2575,267,65,424,803,112,61,356,828,146,1883,80,326,1123,76,138,289,126,177,948,571,111,93,309,617,502,732,88,843,1647,155,1960,1013,324
143,627,166,505,143,74,262,175,129,280,53,114,227,517,1272,1677,105,139,373,151,958,769,100,101,573,145,75,77,456,311,167,121,209,130,158,83,163,1185,94,718,115,206,169,689,326,89,82,322,64,446,774,223,275,247,175,167,849,157,341,57,328,51,1481,269,144
144,194,155,234,183,167,98,175,291,124,248,2451,482,2256,126,94,439,474,84,208,203,176,104,1870,125,554,117,473,65,154,143,160,941,268,88,98,1634,121,2912,109,104,97,237,106,92,250,141,2547,137,364,381,184,240,231,361,1984,140,67,2793,111,74,1201,226,115,49
145,393,416,46,85,303,110,391,262,69,69,573,63,747,50,230,934,294,86,77,98,88,177,215,70,302,750,848,115,56,271,181,301,95,104,240,181,151,123,135,216,267,135,1165,2542,307,252,139,43,3831,286,1361,1909,79,81,123,350,1722,246,70,247,1789,503,134,1929
146,262,224,272,253,134,73,134,95,44,84,235,322,850,152,170,135,142,223,767,231,702,66,122,194,360,177,1123,110,155,1482,118,151,1000,441,419,196,164,2340,615,479,2639,99,168,280,2189,261,156,2530,112,122,298,140,414,638,968,125,96,226,1785,787,1162,34,76,197
147,67,781,150,502,155,187,295,279,1642,770,1816,64,512,115,257,123,537,619,66,149,55,894,1293,463,411,279,140,116,148,105,1964,1427,281,302,45,140,1288,111,567,167,98,1449,99,134,567,132,183,153,338,277,473,601,151,870,174,266,106,172,86,37,154,1149,139,237
148,445,1022,203,988,380,1939,162,412,489,98,527,746,501,72,197,212,867,74,72,575,248,228,260,626,85,272,90,406,70,343,558,76,101,146,90,253,948,117,188,392,2193,248,96,350,213,106,180,901,488,184,238,118,1999,1058,137,329,308,1112,157,223,123,194,140,71
149,302,518,196,96,95,125,101,97,116,588,74,365,273,87,112,900,451,90,124,206,256,611,358,229,100,164,289,213,170,57,106,179,1477,88,100,237,104,1230,216,85,167,124,269,76,118,3084,255,80,341,2012,187,93,83,174,814,440,299,460,2219,175,166,136,49,47
150,82,594,146,110,358,1639,51,454,253,117,594,301,375,184,283,316,110,205,45,343,96,204,50,258,69,91,276,280,249,285,63,143,109,416,241,94,79,59,116,2680,157,200,152,99,79,110,71,122,102,175,820,1124,248,871,213,1778,362,121,1080,619,52,840,214,148
151,161,312,987,1970,47,265,2866,293,120,593,102,1187,78,951,63,181,2340,806,439,116,2063,1925,1163,171,408,107,450,70,1867,135,303,260,50,469,680,192,83,280,1053,353,240,287,249,130,348,46,3373,987,464,156,389,277,589,135,1321,136,127,847,631,1263,87,162,3470,499
152,170,114,224,184,90,74,331,202,938,575,1142,473,110,79,500,2776,38,900,1865,217,125,395,77,1354,135,83,152,364,276,181,44,530,2322,719,89,282,88,524,270,335,110,364,120,763,2311,558,745,73,289,285,223,115,345,175,58,131,98,1902,81,160,72,156,282,161
153,72,195,279,186,200,48,368,89,198,145,1350,118,555,159,1509,74,462,401,56,108,417,560,262,666,154,66,1115,125,173,122,398,816,80,160,266,2635,218,148,257,173,544,178,94,228,108,578,426,641,1535,131,264,396,128,298,332,74,1459,112,145,120,310,79,98,79
154,189,49,220,89,991,144,265,215,1045,2029,94,204,78,710,269,436,357,133,129,82,928,249,652,137,129,558,385,878,121,306,326,304,189,79,3284,81,486,1145,1770,69,233,68,136,330,1179,98,156,1083,274,95,67,67,1910,497,187,410,88,96,282,2187,215,1457,1291,91
155,1292,2273,2979,83,1684,65,74,869,431,110,128,585,190,391,785,168,65,263,63,123,353,212,1187,224,43,248,95,3342,207,872,385,37,125,88,837,84,195,111,395,104,112,874,678,63,475,195,182,644,1537,87,129,1711,469,537,1689,111,202,504,1665,70,164,128,2347,138
156,155,69,519,179,4017,1115,157,801,224,261,1025,308,155,1295,293,1636,2879,275,71,1506,398,56,88,84,81,185,59,641,214,93,354,1051,874,173,346,588,487,136,136,123,131,285,163,68,114,79,72,79,99,144,148,200,441,1930,96,155,113,264,140,118,184,682,142,1051
157,169,67,67,70,173,405,100,253,159,564,172,119,3853,93,101,780,2449,907,324,290,97,69,356,208,346,1353,156,390,206,1250,602,283,138,244,136,902,92,189,588,253,883,677,641,3109,197,139,261,205,2902,659,59,107,87,1138,357,80,880,172,427,649,97,384,1114,317
158,148,109,267,914,309,214,979,1395,1167,1144,571,467,116,262,1923,65,277,121,94,240,61,85,306,55,705,69,76,131,446,694,1291,42,139,695,130,500,699,1019,71,96,241,125,683,174,186,614,317,474,131,204,153,288,107,540,476,440,497,73,57,1579,1884,2476,173,131
159,167,124,364,112,416,107,65,128,77,307,97,113,196,107,201,1047,695,67,477,71,771,117,962,64,142,177,2367,379,1058,212,84,120,241,105,160,89,1628,1142,81,245,298,361,48,1201,77,170,197,1646,1456,149,564,117,889,163,293,238,148,1302,461,109,325,635,152,98
160,92,304,138,157,117,2060,114,1659,155,359,57,80,132,67,140,225,487,1696,108,94,709,213,892,116,69,440,146,94,179,882,1035,258,432,470,51,2903,743,88,90,847,371,68,164,123,109,940,82,616,50,118,175,101,147,382,115,134,201,85,746,247,123,291,160,61
161,95,35,418,68,193,52,491,135,548,81,58,102,289,425,176,82,1641,1016,3253,119,101,1701,2566,769,601,1765,166,84,218,152,61,1009,97,150,664,396,205,63,328,467,1154,1643,262,79,351,218,265,3342,147,1139,156,3299,337,108,792,377,932,2841,155,120,198,2365,2862,95
162,865,112,2336,4282,76,618,822,114,523,122,3240,152,562,109,96,4134,199,3385,681,1292,74,2602,788,67,144,102,72,664,167,315,387,333,98,218,159,1168,510,262,701,377,228,500,842,93,659,270,1786,159,2687,104,3495,124,569,66,351,303,684,149,543,76,86,1875,354,194
163,1092,246,170,84,100,52,72,166,738,120,1109,168,54,726,156,114,368,365,57,638,292,122,631,118,60,81,138,362,120,325,729,268,84,86,220,230,186,195,79,171,153,101,305,44,89,123,191,151,786,112,185,798,98,287,722,137,610,161,73,371,467,152,188,121
164,904,119,114,645,171,347,215,107,846,170,556,77,364,70,432,68,171,2550,109,498,187,237,67,563,107,2057,71,248,445,394,2116,197,1120,71,139,530,117,733,795,795,229,195,2605,698,340,470,416,176,433,212,275,421,104,127,156,258,827,352,362,68,206,2897,219,319
165,450,104,69,679,73,348,146,173,435,561,129,173,1938,190,139,691,68,2112,140,393,44,250,822,148,86,258,146,154,98,403,358,313,1958,89,220,340,105,344,111,952,619,96,46,307,322,153,1958,279,149,640,25,152,193,66,468,237,735,193,71,196,1079,491,151,274
166,1558,468,172,245,240,309,194,908,154,145,2471,56,1293,625,203,1159,104,1304,1802,53,142,220,79,757,357,263,3863,427,253,286,145,234,100,119,435,693,77,180,95,374,91,92,177,330,347,157,355,503,1001,1501,2080,43,219,97,156,60,379,2133,180,288,1037,135,291,2085
167,108,529,1449,182,1109,260,186,632,583,285,369,114,90,1690,64,570,167,581,239,355,86,149,157,659,130,55,261,824,220,71,52,130,145,585,2508,162,134,120,1824,69,564,207,86,203,509,235,248,397,1795,191,318,355,141,150,127,412,129,301,257,1995,41,833,2266,125
168,1114,443,97,113,410,74,1424,1235,105,603,387,560,382,140,343,235,540,68,125,133,390,638,97,93,159,179,343,1746,76,207,107,422,370,455,1037,116,214,315,85,148,67,90,325,144,53,97,429,842,184,136,208,86,68,118,193,180,510,95,145,324,72,95,405,445
169,206,731,2205,382,125,300,119,143,98,1383,212,2064,475,816,636,1118,146,96,281,1318,108,115,266,328,702,2404,342,630,129,392,115,304,842,167,1627,86,103,207,79,197,96,45,234,318,344,1036,97,86,222,3232,418,676,305,319,113,109,152,199,233,832,335,440,600,259
170,144,9,49,1775,1345,125,108,172,263,253,93,138,209,331,119,134,1044,59,55,142,97,456,306,201,352,119,265,2134,99,110,434,110,451,123,565,134,1164,198,665,81,110,2037,85,154,119,120,1554,302,501,319,730,115,621,134,112,211,319,114,146,125,49,617,273,1229
171,108,808,142,91,72,752,145,111,60,43,2283,357,607,48,159,578,150,156,423,516,167,125,467,219,60,1946,247,133,1364,72,109,260,531,70,149,102,60,105,713,219,175,285,75,82,311,166,65,743,482,136,65,39,54,177,297,305,99,338,99,92,530,632,120,75
172,2170,1071,101,137,232,34,90,67,806,502,133,820,83,2655,153,355,124,592,81,482,591,357,327,346,359,94,105,145,762,117,259,133,101,177,485,177,152,117,540,1091,83,78,134,88,359,106,118,125,783,1245,138,195,83,657,161,129,635,93,138,133,91,93,89,407
173,83,360,492,2659,111,401,45,119,54,629,348,1246,71,215,94,360,672,67,502,730,865,61,637,257,109,4515,124,106,1400,640,379,724,161,93,57,881,776,357,51,772,83,429,378,752,3438,125,270,94,129,858,351,70,156,340,177,66,940,76,177,73,123,864,4342,41
174,87,143,65,188,266,669,1766,202,217,1612,3641,1060,2135,69,103,66,182,161,81,172,307,563,323,259,764,149,2219,184,1783,101,1555,1054,351,137,111,69,1249,36,629,63,1625,634,340,252,151,108,686,252,155,1077,159,96,2370,911,1899,194,218,3193,92,1863,448,397,223,283
175,563,322,974,307,788,193,115,162,152,173,165,128,359,75,399,74,611,1080,118,68,1221,177,180,334,185,137,304,1952,3240,1716,83,69,468,79,232,113,329,226,716,209,187,3092,248,69,604,252,117,202,79,205,85,207,346,118,1009,198,259,140,347,255,80,563,82,131
176,156,2930,91,182,202,99,454,108,97,380,1187,292,777,691,143,80,1498,249,393,98,84,988,142,181,79,88,77,861,164,94,130,44,112,151,63,218,519,126,85,2846,188,77,84,117,2083,1140,94,238,195,150,432,119,201,425,241,978,110,469,247,2753,819,188,730,814
177,988,450,593,154,225,295,38,688,717,1972,493,275,65,170,290,403,48,186,162,84,169,107,524,234,796,764,2864,104,180,95,216,206,151,240,263,193,1364,560,743,96,1551,91,362,1370,850,289,520,130,227,199,2968,1459,163,128,234,101,3095,1755,56,223,929,73,147,1122
178,344,446,107,527,147,537,225,666,393,967,220,139,1824,92,126,302,240,381,443,99,748,179,175,2973,361,3611,2923,76,54,256,310,62,176,249,430,183,3313,191,537,318,83,201,313,202,104,368,471,316,2602,63,125,237,154,365,366,73,267,77,381,350,1396,142,1019,3159
179,907,106,907,847,388,131,157,256,272,3813,50,701,780,43,263,761,190,112,112,1059,191,161,95,127,1317,228,93,141,519,85,165,81,-2613,77,587,278,2276,211,581,148,366,137,153,119,133,106,2216,3303,109,310,235,301,1392,47,916,689,83,110,67,404,732,131,669,292
180,302,416,360,182,162,649,272,215,92,79,126,481,128,148,1070,599,102,536,91,116,103,1162,2727,442,146,91,163,92,312,247,194,458,106,192,2618,2082,96,504,159,148,252,485,261,174,119,154,460,103,173,336,92,102,799,1002,63,73,137,37,205,210,168,64,112,232
181,1360,300,52,147,1074,351,352,475,207,233,1124,294,87,534,446,106,141,986,163,636,93,90,104,142,307,186,323,864,115,240,1022,90,82,81,281,382,70,102,618,59,143,106,139,206,163,176,303,385,608,202,101,428,92,63,181,115,169,111,103,129,402,2256,256,696
182,684,515,700,108,708,101,751,30,85,246,329,861,86,164,147,46,64,131,61,3766,177,75,174,1643,282,757,66,2132,104,417,790,353,50,187,129,57,620,455,796,115,164,81,142,119,133,63,1899,80,73,224,418,536,150,1396,97,110,166,70,78,258,203,170,351,187
183,97,751,420,342,278,109,207,494,219,300,174,167,457,229,134,110,331,295,1527,124,300,154,59,139,153,112,177,505,128,109,2081,94,54,225,44,423,364,2106,379,2114,180,200,209,118,57,1744,72,115,137,172,1068,1191,762,444,83,902,682,131,605,206,297,1986,483,93
184,111,68,435,598,138,122,145,571,155,381,524,59,323,3387,307,117,103,546,198,823,146,56,209,1362,81,371,1334,104,85,427,1265,284,132,37,117,123,70,161,364,600,262,148,640,84,282,299,84,111,443,686,287,172,535,111,414,338,1765,82,129,554,647,213,495,2953
185,173,229,127,1578,1587,2203,102,158,92,57,248,106,102,1898,148,1826,1006,277,171,125,1029,424,333,138,191,133,340,151,487,102,2164,65,1201,411,368,234,50,62,126,1691,243,295,352,66,70,319,116,657,473,91,677,111,83,148,194,280,47,285,256,88,259,316,1624,447
186,185,158,254,147,107,104,115,437,110,345,216,337,389,784,44,97,150,94,143,116,352,165,346,223,179,223,88,63,274,719,118,409,105,1640,53,178,209,591,232,63,267,753,482,83,56,216,201,311,1596,236,587,1271,103,1503,848,223,674,72,83,174,129,99,81,64
187,150,346,121,106,65,891,200,652,122,1401,279,59,85,965,170,492,2034,449,250,1544,90,209,1563,649,114,197,90,231,837,492,178,77,220,899,116,252,103,328,92,597,470,462,69,93,159,230,314,135,126,1749,74,419,75,248,183,1204,83,272,171,595,132,92,218,82
188,1042,199,1191,826,56,351,99,709,417,61,209,355,152,108,50,155,167,1509,87,73,95,1460,51,72,63,834,122,271,116,775,102,101,934,122,281,143,76,107,1268,554,202,100,435,95,139,1416,164,1505,676,1289,1001,1530,533,47,52,117,847,147,1279,58,2121,88,429,818
189,188,159,81,44,192,167,1194,143,286,225,226,83,606,123,105,156,73,123,69,164,210,214,241,495,429,184,87,70,113,820,129,330,216,58,112,66,616,555,74,96,106,95,2479,314,925,236,292,62,825,273,1500,1615,145,158,728,257,1552,129,44,135,116,1066,2974,78
190,250,102,322,1651,479,2412,363,2258,84,242,102,72,128,214,64,748,285,119,1339,62,478,478,59,63,69,84,113,98,143,159,261,231,310,1629,424,211,133,252,217,216,124,77,2130,1769,102,96,799,1650,141,126,307,130,536,235,184,218,86,72,311,432,74,81,134,1700
191,227,148,101,92,46,543,276,38,3313,1575,171,94,265,104,2423,163,959,149,92,377,561,156,70,344,464,116,51,81,53,916,3177,203,479,291,173,335,129,261,264,356,184,62,198,123,43,121,566,1140,338,548,100,388,90,148,556,80,757,194,94,262,65,301,129,419
192,100,357,149,640,652,970,69,164,156,67,276,1674,105,543,101,166,134,689,647,503,216,134,60,377,347,3031,347,76,410,479,1985,78,335,64,86,280,402,227,151,127,188,88,1511,144,105,69,111,61,184,2628,310,110,413,172,1262,140,164,93,130,1334,94,167,110,143
193,115,679,47,97,457,104,393,48,92,240,370,449,92,522,206,163,1417,1045,339,231,656,582,41,421,602,1201,701,267,197,152,99,901,183,559,57,190,154,401,86,426,233,789,589,3155,727,1759,373,140,45,266,259,308,236,107,238,792,3039,91,185,216,363,291,1611,210
194,113,369,2562,129,56,83,64,1387,345,792,176,144,4241,539,140,150,97,50,78,223,56,810,283,133,2361,616,208,74,561,478,480,130,230,1638,149,980,1568,172,362,120,127,130,323,393,152,943,1688,447,423,183,241,1155,71,89,56,88,64,89,93,153,3098,3659,448,70
195,554,98,71,84,1968,128,409,189,91,61,1891,286,96,3177,200,614,50,528,90,102,372,364,131,50,325,1981,89,96,87,282,427,119,915,552,269,3143,2745,184,128,116,124,85,165,601,562,1326,265,342,398,180,3737,363,173,136,223,70,83,123,505,82,280,245,951,251
196,1360,204,70,217,449,3930,162,405,223,778,194,345,939,1364,66,800,428,2131,1569,99,324,144,130,71,343,304,319,755,254,267,113,842,238,386,158,137,121,1242,94,378,342,200,117,2448,1404,149,298,108,380,183,70,730,177,611,1299,2184,216,86,314,101,216,1236,2640,179
197,70,80,281,235,88,525,287,106,86,257,1778,89,2893,185,79,345,249,2068,114,793,209,2121,353,276,193,2127,238,2722,215,254,62,2556,2649,2700,78,1067,110,776,270,944,146,3039,82,247,150,482,434,62,95,2875,143,59,143,1530,1438,187,75,925,1066,138,197,2061,169,86
198,84,82,76,221,72,2139,334,141,116,1919,119,2437,154,483,244,207,87,3218,554,234,1423,106,1043,267,57,134,456,2249,117,79,1740,228,431,85,143,276,114,194,113,189,222,115,835,229,570,1969,70,87,106,119,368,108,88,124,325,156,257,398,173,235,73,154,466,112
199,179,364,206,365,191,66,72,297,2464,110,265,130,330,96,77,247,54,677,119,127,88,179,162,159,122,140,127,611,107,86,763,124,744,475,121,1045,2160,104,193,2131,51,98,130,363,92,193,664,81,141,137,78,58,146,356,220,113,1325,276,216,341,67,134,2313,312
200,760,197,167,52,66,46,399,576,76,140,82,456,397,107,839,155,103,614,322,583,78,312,260,385,116,432,157,46,39,510,517,123,820,80,280,430,184,226,865,70,831,2115,279,71,60,86,1671,126,207,765,570,86,1787,103,598,159,185,115,477,73,145,2365,68,59
201,72,47,592,157,512,1704,100,118,138,1079,3419,73,71,384,73,344,168,153,662,235,618,504,134,89,87,225,90,118,54,104,116,630,178,2124,153,2013,790,91,1047,185,112,1410,451,165,907,145,208,505,2698,234,170,80,312,712,153,975,180,198,1441,739,614,2519,471,89
202,143,2722,119,1502,201,541,158,1328,231,2397,102,430,82,1106,144,104,1014,583,73,178,316,1207,719,410,67,59,3346,99,77,87,1166,127,2677,1779,59,323,522,147,125,130,381,182,2304,51,293,52,202,123,3408,73,284,196,93,126,38,490,320,111,646,147,374,48,177,193
203,1148,1660,294,63,790,262,469,90,241,155,669,65,2015,421,237,99,193,75,230,245,74,95,489,539,785,243,59,45,484,579,643,447,389,150,1125,70,180,956,146,32,2763,382,436,104,73,153,2210,32,295,114,1116,77,122,171,83,358,162,480,1229,129,109,84,189,407
204,805,165,386,143,74,131,86,87,149,93,231,119,131,405,1976,887,580,135,156,86,78,882,95,49,184,86,93,76,302,153,959,133,1215,1417,240,449,541,693,228,84,417,64,884,766,604,118,115,1246,227,461,136,177,543,197,79,230,261,188,285,87,1752,824,113,219
205,133,147,101,225,231,67,176,388,121,44,1341,1229,84,235,108,80,429,307,29,66,395,58,2673,299,98,286,259,259,208,173,433,147,257,127,517,166,69,225,342,375,2321,48,328,97,252,81,252,302,329,331,246,1165,2181,950,53,59,533,543,131,807,61,329,241,177
206,556,183,395,139,215,135,1880,529,96,283,79,160,679,69,117,164,457,91,129,648,228,527,448,159,1211,2066,1116,847,960,85,95,91,63,186,83,169,48,580,483,448,79,95,138,831,446,537,157,332,240,939,211,566,722,67,257,304,1443,113,1859,133,70,245,146,104
207,190,237,487,515,82,316,1266,44,226,1307,47,1131,1071,628,78,589,545,838,419,673,124,67,66,75,326,3383,136,25,98,85,278,121,385,294,50,196,539,559,113,130,197,388,87,134,82,310,283,707,397,1904,3447,316,1555,193,1143,178,716,311,586,632,3099,98,3095,225
208,753,475,1624,191,186,83,283,194,229,545,48,210,260,120,247,180,260,67,168,41,586,1472,1627,152,361,1095,79,109,96,330,205,199,570,254,1166,104,58,317,920,406,289,688,270,82,143,500,2347,80,277,98,349,225,95,315,44,519,952,557,1459,327,102,168,1431,97
209,213,1036,536,323,3291,82,105,224,1145,165,169,132,153,116,247,75,123,74,1041,120,647,544,311,217,86,51,106,343,77,507,2196,53,546,119,439,717,321,171,508,75,606,1573,84,325,618,2027,187,1153,1367,2815,74,177,396,169,113,845,444,3544,243,154,1614,1227,1755,99
210,789,592,255,284,1478,91,163,973,108,173,73,155,2131,2185,869,126,694,185,156,204,68,360,61,128,243,3124,177,623,123,273,311,69,440,148,156,3033,109,98,140,104,44,150,278,253,167,89,83,466,2046,547,439,94,124,118,3557,107,1680,95,323,800,245,134,296,232
211,463,230,89,831,338,308,986,86,1215,353,217,61,186,630,201,1050,99,2473,318,143,240,226,56,426,83,93,200,558,276,363,84,123,1815,140,117,481,429,1384,144,2723,585,130,1890,159,108,1607,164,154,169,122,116,68,71,200,2424,92,143,81,1748,197,112,98,351,198
212,145,258,50,408,678,227,285,267,947,597,427,143,85,58,76,137,179,340,890,76,87,1718,70,336,289,374,84,743,2440,183,104,1478,84,202,263,733,1764,147,76,262,273,815,409,70,110,598,146,251,607,92,223,202,549,284,75,1254,978,86,264,53,119,1798,212,271
213,595,425,136,2655,77,775,386,90,2675,146,909,1806,64,283,88,1642,222,218,774,167,1066,1280,950,179,1323,336,275,944,432,63,992,76,288,626,448,249,181,101,123,344,139,333,136,105,68,127,108,180,1636,272,896,1420,157,293,155,335,297,191,324,152,51,84,453,189
214,173,363,79,37,1315,104,303,1841,371,180,683,320,160,62,157,76,174,179,147,90,97,1896,72,269,99,276,117,139,95,752,101,331,107,2594,252,77,108,72,427,150,2345,179,823,90,392,72,101,101,322,119,312,436,143,328,798,255,229,518,666,185,3562,182,126,178
215,132,371,78,584,145,133,254,218,51,61,599,98,3016,1066,1743,94,189,98,191,76,147,1390,102,637,71,319,116,87,96,110,113,61,105,107,229,478,67,143,315,56,631,742,76,62,106,130,1344,160,674,169,280,329,131,85,137,241,169,294,98,567,57,411,108,177
216,2155,145,63,80,107,1079,145,2775,1070,449,92,130,145,62,96,119,146,707,187,183,137,118,457,162,1562,1154,220,61,104,127,321,100,93,112,71,170,96,466,394,1498,156,248,464,72,374,210,185,66,122,3012,82,93,178,228,693,123,1643,170,61,116,410,204,969,101
217,125,104,86,356,116,914,83,773,362,1516,176,645,175,514,81,283,90,2552,72,310,175,164,274,179,142,179,3448,1008,441,55,383,207,236,260,38,45,1493,109,385,952,135,60,109,188,579,289,162,98,388,1491,390,885,756,97,85,153,95,172,356,514,102,242,3235,129
218,360,122,208,261,1607,113,304,55,126,61,1555,124,431,1134,81,227,44,1360,106,74,52,116,188,797,1388,150,212,294,139,278,236,702,99,80,118,527,207,144,297,1972,173,832,259,195,118,312,89,113,127,278,144,459,76,615,195,174,95,285,63,144,1158,479,323,990
219,235,83,1522,147,74,139,65,83,244,686,104,33,2263,1474,56,1114,190,220,1249,263,230,487,1055,266,143,39,3065,130,133,129,578,196,130,108,2032,251,202,229,3958,169,164,71,482,60,306,951,162,603,338,289,3126,54,3844,476,199,198,224,58,312,331,141,1377,99,308
220,112,643,2638,504,2647,101,89,804,56,114,102,88,116,191,280,283,191,364,53,696,128,129,283,210,267,379,261,138,35,538,581,88,90,77,732,62,180,116,119,218,501,884,68,287,133,180,146,484,44,75,78,50,140,193,367,187,2103,117,176,478,111,83,434,156
221,526,121,153,295,247,62,250,477,58,69,321,130,1431,145,862,518,1177,317,230,1368,322,470,134,381,140,213,124,72,92,638,174,352,71,1128,196,615,229,291,761,150,185,1662,545,73,67,999,114,825,606,122,196,236,252,826,171,964,1417,160,337,647,337,639,256,2420
222,662,114,130,460,88,510,107,139,131,231,217,180,788,59,3201,71,377,228,1670,1824,96,651,116,167,274,142,64,153,1567,623,2295,369,131,1328,69,3042,357,68,792,67,2583,65,87,74,341,246,193,987,72,90,317,177,133,116,257,708,127,69,1001,482,364,1192,104,158
223,136,153,882,117,136,152,68,2253,368,125,120,113,841,102,115,127,119,1899,96,226,60,128,66,219,86,290,125,84,86,142,427,196,77,190,383,401,222,1054,103,245,881,254,110,195,161,107,559,68,75,540,248,1135,185,310,746,201,985,94,166,269,899,742,108,277
224,642,131,135,541,372,100,974,869,76,180,233,56,308,387,74,219,48,192,272,406,71,132,81,592,111,113,174,599,84,97,367,102,97,101,195,306,303,427,59,51,100,2034,69,178,105,206,309,89,69,214,736,164,218,844,1114,108,169,84,134,96,335,268,70,615
225,158,476,75,90,19,643,1056,87,147,46,129,502,482,1912,609,1099,155,157,71,163,168,742,86,162,269,133,114,140,203,451,201,730,181,2716,227,89,107,99,154,181,123,437,1349,405,90,120,468,407,420,87,322,74,158,94,127,874,290,218,117,215,781,153,588,182
226,555,534,45,698,107,112,105,124,260,1324,98,607,74,673,130,100,72,2798,428,2127,752,194,260,112,140,1463,456,141,382,971,855,125,114,129,141,138,121,148,127,301,256,469,78,94,194,382,104,1493,860,116,121,69,62,193,93,394,218,1549,112,205,111,460,219,166
227,1410,35,167,477,657,203,131,2938,36,290,187,104,127,426,276,191,675,470,89,89,317,94,444,1199,234,277,936,86,125,103,1006,277,96,111,516,163,78,227,160,2777,105,140,145,66,424,59,434,65,97,199,205,205,605,280,677,118,55,259,68,194,286,564,292,93
228,75,368,736,117,2309,216,1473,370,215,1992,621,72,192,194,139,219,380,161,287,82,138,351,1864,205,408,163,482,54,1391,630,72,62,90,612,257,759,101,302,80,690,245,70,99,80,72,344,1108,1137,83,443,80,940,2248,56,189,142,969,76,85,239,126,51,134,125
229,77,93,302,237,365,221,1389,305,77,80,267,203,147,211,112,68,288,504,429,129,549,88,422,63,129,149,218,299,311,212,223,745,2861,116,47,114,220,445,110,141,142,901,1489,299,329,100,703,306,89,813,586,77,272,273,196,178,72,1230,127,165,231,2209,331,69
230,452,197,82,94,350,603,384,123,370,290,1654,116,301,1044,850,608,768,133,579,161,393,144,101,691,207,370,78,112,53,188,86,455,1447,194,2730,117,295,110,120,62,169,173,89,387,168,444,134,180,1185,388,782,396,200,1208,115,132,818,133,70,1948,259,222,63,132
231,349,339,62,200,647,169,135,520,57,292,128,90,109,66,103,481,1238,268,145,78,112,430,101,747,1174,316,150,130,285,979,1497,1345,372,1904,54,279,422,320,649,52,86,128,148,138,745,80,309,82,249,215,182,71,113,311,147,138,132,1703,50,142,1229,488,112,128
232,283,211,478,60,122,80,64,46,210,594,134,104,230,316,847,215,321,123,112,594,92,108,124,1342,935,138,1100,34,644,395,462,388,433,212,175,406,27,73,160,483,84,173,162,256,51,401,652,1481,539,97,89,339,105,139,330,883,101,88,933,54,1890,382,82,81
233,117,116,1002,183,79,491,787,75,478,1025,52,134,244,72,623,60,366,642,105,724,376,1350,753,195,122,1245,208,101,116,216,101,174,213,97,418,268,194,61,333,3136,201,147,80,90,769,3301,123,219,260,88,90,108,1792,63,245,343,101,108,68,1087,160,155,119,623
234,119,147,138,110,2533,59,113,856,293,63,429,1435,47,833,151,81,671,245,2243,139,1843,170,152,145,705,131,150,210,162,2452,55,274,250,116,55,644,45,2789,112,240,167,76,183,112,485,85,119,357,219,69,392,56,334,114,430,185,144,70,132,570,592,374,169,195
235,255,1934,212,105,452,1545,84,436,159,142,619,152,26,225,727,128,108,112,94,131,137,55,153,610,287,211,88,1876,254,83,141,320,797,126,740,183,623,141,289,2846,46,117,144,254,259,1247,60,96,341,152,2271,2027,212,127,765,150,263,408,3504,210,246,123,195,835
236,217,110,335,153,175,868,852,78,65,189,149,121,65,124,211,192,589,76,74,64,164,490,34,121,227,95,345,36,736,168,223,88,932,138,51,311,404,67,177,330,83,95,317,932,1079,75,229,800,183,366,118,131,85,592,263,3134,45,77,555,98,81,244,373,2011
237,280,166,288,107,198,181,70,66,191,70,268,119,138,692,1184,60,2655,293,1234,275,94,79,108,101,496,148,107,1299,1598,566,52,143,362,372,67,466,234,623,238,326,87,366,248,213,329,287,66,798,1418,81,44,89,365,267,168,47,130,202,87,107,209,263,1496,765
238,1440,1748,123,118,180,535,498,178,1398,141,234,134,221,141,71,339,71,1608,143,56,90,166,219,448,33,114,86,121,153,299,121,210,143,149,363,249,300,127,123,170,1139,725,72,660,236,136,380,231,90,160,46,98,304,132,449,800,144,1173,45,388,580,154,84,2595
239,403,89,160,899,195,200,80,107,118,2610,343,98,121,1354,904,3091,133,432,70,1597,89,360,3581,138,49,897,1631,104,279,71,195,274,465,348,78,286,411,156,71,182,75,109,91,616,178,206,170,1254,231,4092,494,100,130,1411,161,448,193,71,359,203,126,654,1063,156
240,2795,95,99,83,93,253,46,102,118,147,61,620,88,487,472,1351,264,39,225,127,530,118,96,126,1208,348,615,247,46,1019,92,125,155,1532,116,78,82,291,100,177,124,1013,201,1349,544,131,52,1192,228,300,111,225,94,364,497,397,367,106,100,227,113,155,60,247
241,250,375,275,142,224,164,522,229,141,593,402,96,149,151,264,243,127,2381,1679,346,929,156,208,162,302,322,87,265,346,267,550,106,59,261,102,95,716,527,81,2547,91,366,129,735,246,842,186,119,175,306,309,784,96,59,703,134,36,450,605,317,46,209,1291,120
242,458,229,132,370,628,860,212,88,67,151,99,333,82,1863,89,229,69,297,94,3709,132,297,143,2305,797,140,42,156,181,204,119,313,497,195,60,200,116,852,110,182,84,354,142,173,199,787,483,652,183,2957,378,195,581,189,345,71,61,72,257,63,671,443,822,438
243,150,324,95,381,1546,104,152,52,198,716,486,277,704,1442,1304,91,220,111,69,85,544,150,137,389,55,95,552,98,735,711,337,455,89,241,1839,1059,534,557,267,183,258,84,70,66,328,131,532,96,133,71,67,52,1637,795,1012,468,168,235,74,403,323,140,2834,139
244,129,404,178,73,253,3002,564,114,249,27,87,1235,307,271,122,61,657,63,789,178,156,375,54,302,366,126,2827,273,276,58,86,793,396,225,102,98,210,188,78,47,257,86,784,121,144,141,314,99,159,91,136,315,501,228,243,171,646,94,124,1441,58,104,717,143
245,66,203,190,1121,86,217,1460,112,159,132,1900,859,122,650,105,49,118,159,67,1085,209,223,109,93,766,54,48,56,98,365,516,89,484,2115,391,303,68,1075,242,98,179,84,66,134,352,74,69,155,96,2160,46,156,391,2829,240,996,232,109,1356,542,318,128,384,103
246,113,976,77,78,42,411,54,2002,394,206,242,350,279,2435,213,127,2465,498,216,527,161,46,147,129,282,864,601,67,93,64,167,104,691,167,105,1086,568,139,161,230,140,259,136,177,460,314,204,289,2350,412,117,75,1094,161,85,243,103,293,866,104,771,188,252,183
247,124,475,204,141,108,95,527,2154,346,53,409,141,1479,180,120,155,1612,1032,72,252,1302,191,944,90,522,744,264,203,99,297,281,109,662,139,818,297,579,166,173,830,174,100,256,177,97,1516,1092,251,290,141,1065,377,275,145,1341,1765,39,1384,144,162,191,195,70,238
248,68,201,51,191,944,165,96,176,244,490,80,494,108,731,682,866,1729,972,184,66,69,363,188,1891,175,337,777,317,197,2800,143,2996,117,194,482,148,263,80,206,816,78,59,339,111,672,179,255,248,529,362,1679,69,89,147,132,557,139,2995,228,60,828,176,271,1637
249,1878,185,118,457,147,2011,1650,79,374,212,164,74,3243,105,273,903,461,151,125,69,516,127,195,448,1893,117,322,2106,251,52,193,77,509,67,169,835,128,127,203,355,3107,56,2945,862,302,138,217,417,398,67,122,341,260,220,78,51,168,970,116,157,75,323,320,611
250,1011,79,148,105,145,88,578,132,1010,170,71,123,112,493,264,254,290,109,200,149,395,55,536,254,291,67,796,429,87,87,751,426,281,132,1008,213,2349,98,422,1459,414,1873,90,299,393,634,147,30,405,200,151,2264,326,54,178,866,1404,174,116,170,804,388,243,273
251,225,98,360,251,1159,63,78,51,84,56,204,588,264,961,756,202,346,2180,308,368,169,421,105,225,224,597,141,92,181,81,1588,210,517,537,289,235,216,102,370,67,123,70,675,2399,301,208,322,71,76,504,273,1349,1297,136,120,2005,340,231,140,183,192,221,1661,356
252,80,490,60,122,133,250,947,665,241,96,418,959,188,126,91,549,163,284,468,939,778,490,154,1414,46,196,256,209,237,959,106,557,177,105,194,54,867,130,2045,187,621,301,124,481,535,69,176,692,705,404,613,279,83,2311,393,107,98,450,110,383,178,64,717,125
253,70,1888,164,210,68,273,57,125,427,540,2320,50,637,3166,125,452,93,360,691,223,243,235,625,75,101,197,271,64,60,140,167,376,469,193,143,1574,774,133,395,222,74,158,1962,118,2525,72,147,132,189,133,1469,143,227,486,226,85,101,126,122,90,581,388,3160,407
254,190,1965,501,111,242,158,129,227,184,88,516,233,92,1018,562,219,71,184,355,136,157,489,247,102,564,392,431,192,3143,2349,524,59,50,116,1598,217,210,356,110,85,88,757,483,427,316,310,99,73,1282,239,94,106,98,207,239,72,692,171,462,723,114,150,190,632
255,208,278,100,100,100,131,200,159,136,67,221,166,177,235,135,208,187,90,70,317,740,1061,312,741,116,179,344,97,2256,102,168,926,100,1333,419,62,355,96,183,151,3041,2878,143,161,271,229,54,73,1880,94,1369,73,107,644,196,230,145,1412,349,48,109,148,266,77
