,0,1,2,3,4,5,6,7,8,9,10,11,12,13,14,15,16,17,18,19,20,21,22,23,24,25,26,27,28,29,30,31,32,33,34,35,36,37,38,39,40,41,42,43,44,45,46,47,48,49,50,51,52,53,54,55,56,57,58,59,60,61,62,63,64,65,66,67,68,69,70,71,72,73,74,75,76,77,78,79,80,81,82,83,84,85,86,87,88,89,90,91,92,93,94,95,96,97,98,99,100,101,102,103,104,105,106,107,108,109,110,111,112,113,114,115,116,117,118,119,120,121,122,123,124,125,126,127,128,129,130,131,132,133,134,135,136,137,138,139,140,141,142,143,144,145,146,147,148,149,150,151,152,153,154,155,156,157,158,159,160,161,162,163,164,165,166,167,168,169,170,171,172,173,174,175,176,177,178,179,180,181,182,183,184,185,186,187,188,189,190,191,192,193,194,195,196,197,198,199,200,201,202,203,204,205,206,207,208,209,210,211,212,213,214,215,216,217,218,219,220,221,222,223,224,225,226,227,228,229,230,231,232,233,234,235,236,237,238,239,240,241,242,243,244,245,246,247,248,249,250,251,252
0,893,1467,1414,522,793,1587,860,1864,576,349,529,683,1182,1762,432,941,1924,538,763,663,3819,765,727,1537,487,2014,591,3701,1181,1372,1387,608,947,1616,3647,4118,724,396,3946,1533,1057,441,1546,984,634,1411,2634,3789,488,780,1672,996,1470,1175,1022,1688,2879,763,3344,814,607,2214,1102,1796,773,341,670,561,1703,792,885,1681,780,746,1058,2392,1047,1072,3804,843,1037,389,1261,2207,738,830,1555,792,869,1209,679,478,801,548,831,1271,2892,488,1089,2755,1249,1528,1127,688,495,613,594,270,774,1467,854,2058,2759,541,1008,1276,1356,909,1492,1607,540,399,1415,2843,3012,1346,1519,921,764,1210,4147,929,922,731,3836,522,1045,2527,490,1703,642,463,655,1617,3692,714,651,1431,471,824,731,609,785,1437,529,900,649,1088,3660,739,380,558,1486,1209,1045,296,1286,615,605,704,1499,3001,759,441,860,1287,1511,820,474,631,1260,1425,615,1210,576,707,730,1640,3143,1540,998,781,1642,3026,836,665,570,1502,834,446,859,384,1090,656,911,572,670,604,796,757,882,558,1896,740,400,450,625,1376,896,3059,544,609,351,633,1220,427,3237,599,1669,1796,567,1193,1743,1518,987,2348,338,1206,1466,1790,520,1158,979,761,3207,1559,733,2598,525,451,1361,1101,2279
1,606,1235,1244,654,400,452,760,906,1490,1463,530,1143,1012,1842,3015,2579,827,2051,976,1504,694,887,803,2576,2150,864,938,954,2857,1504,660,702,1197,1042,835,618,1602,1398,862,598,1078,2602,546,1191,1351,1415,2402,577,626,4033,1269,605,640,567,600,765,728,605,635,1417,3771,769,723,1179,1370,2266,1307,1746,351,1106,3447,971,644,3605,776,506,353,805,673,916,490,3789,1270,838,934,1113,413,724,802,1916,698,434,523,928,568,2130,531,3508,416,795,987,639,796,1428,768,3631,1088,300,1784,693,1287,639,1703,1392,1320,832,1238,2993,2454,548,1488,1069,1250,637,1252,604,1355,2248,749,352,2689,1614,426,542,4163,3037,770,2673,498,1637,1159,1030,1302,1122,1053,494,621,390,670,1021,551,1666,953,464,1779,2710,975,992,1170,1095,1167,2020,4193,388,855,1535,770,3852,711,959,496,900,815,1411,2990,1795,1869,520,2346,584,496,1871,1009,1077,438,634,703,1219,1427,872,644,3183,661,498,891,1433,560,601,499,763,773,819,1839,253,587,701,301,778,1493,1292,2834,1036,1042,442,871,2276,1229,763,1209,3524,511,637,3831,666,606,3148,444,875,532,697,1857,1176,573,1186,498,694,2716,808,2071,613,457,2593,616,444,526,1012,498,1309,1045,3209,466,457,611
2,522,807,454,929,562,647,448,639,1394,551,1573,583,930,609,622,1386,941,1035,2585,1426,341,745,1707,329,645,567,911,1379,2711,1311,4228,889,1424,609,853,853,2046,516,2124,2822,1256,1084,2320,726,716,1317,676,933,284,1221,1574,662,762,2178,362,465,1597,416,1577,534,1020,691,3893,3042,604,458,915,1031,2464,1299,4147,1748,1053,764,562,689,914,1528,2430,911,2397,945,1387,480,601,1283,549,1451,903,796,3364,846,982,450,345,506,596,981,681,1661,1009,526,1035,595,1138,949,1118,1531,940,715,773,1760,648,669,1389,1530,964,3270,829,600,1217,417,299,490,985,763,2028,1413,1089,508,1504,1187,3917,1775,1353,1557,1372,2317,714,1852,555,2336,414,2242,673,1376,597,579,1001,1650,1312,774,573,798,1370,1082,1724,1610,1063,1431,766,1487,1514,4069,1146,3128,1575,423,508,961,1239,908,1005,1255,1178,784,720,944,337,691,899,650,2440,604,409,3896,264,825,926,663,537,1154,539,2069,755,1028,627,1056,601,198,3836,1903,918,515,612,1042,883,1391,635,1915,954,795,1820,1655,781,347,563,433,523,779,245,892,671,489,426,2413,1565,3548,1011,802,589,837,369,575,1044,1061,1900,616,650,1182,501,1016,777,1516,2149,1581,387,950,1587,1281,2923,741,871
3,691,511,1280,535,718,684,1196,1087,1518,605,1063,778,1185,620,1989,1772,548,816,1426,843,420,1080,797,1174,2402,2674,953,1832,908,1466,713,580,1151,413,1130,635,1240,1019,884,3018,960,1138,358,394,441,644,1561,930,862,1507,924,976,533,2609,1468,735,1999,512,631,2194,2675,644,395,2121,302,607,1193,736,692,675,480,1429,2177,1057,1083,471,727,969,3075,508,1163,1600,1429,852,246,740,703,571,486,1298,3273,378,1182,988,1392,829,748,1127,403,513,1755,833,3777,968,488,690,550,403,361,1882,876,935,445,744,782,1382,409,728,583,461,1451,389,1148,633,499,608,2089,1410,1819,661,1150,751,815,703,784,860,961,857,966,1891,1190,1215,2141,621,872,321,1166,934,886,1083,922,525,867,1388,845,1080,613,1447,778,491,1498,1024,1619,1946,928,565,543,3651,1502,787,553,946,3783,2865,570,1107,620,3058,1032,861,780,960,1498,612,457,533,392,1107,2046,3032,858,1728,985,932,2891,2833,567,1102,1423,1217,608,1371,746,455,629,1030,1104,798,836,697,579,901,2951,1757,748,868,1048,1350,2037,798,863,2634,944,473,341,819,488,657,700,859,2871,1542,955,1297,593,463,872,804,625,1086,2381,366,805,1133,1702,2090,392,2710,962,1691,1420,495,1301
4,621,502,1998,784,2279,570,898,912,730,1684,520,416,446,1947,540,1322,1173,2614,853,1454,1038,975,451,658,904,1171,695,347,674,334,805,742,747,650,678,798,561,1623,792,691,2134,1267,1181,1403,2650,1147,235,875,671,962,607,2257,488,545,730,750,690,1028,592,1369,997,306,1431,522,1450,732,813,928,1982,3048,439,1001,608,686,818,769,927,598,1357,3499,1837,776,567,922,2148,660,1254,552,1175,857,1344,598,880,910,455,688,1473,1803,1449,437,577,2596,609,647,812,1762,431,369,1247,632,1485,1663,1391,2889,1413,683,2641,557,2280,1821,985,793,1301,1063,1005,974,943,2236,541,3796,1205,781,496,462,1090,416,1607,461,978,1036,1020,2108,942,1092,1218,714,928,759,932,876,1545,1067,1229,1276,2736,1232,336,2086,727,255,2404,539,721,992,1380,833,1997,669,588,781,1070,552,1048,791,1862,1316,761,728,1891,823,917,569,715,683,787,869,1151,901,1190,769,465,807,648,975,661,770,1014,399,513,439,1488,614,434,627,2366,376,325,2060,300,1045,503,2329,760,3614,848,973,1053,2693,1219,900,495,333,1016,805,1026,2106,961,1307,3510,941,1112,624,786,430,1428,916,1479,791,886,1619,1379,1237,470,1524,1064,509,1091,537,543,2302,1021,1669,2897
5,613,1285,1649,1714,867,991,2899,1812,441,1002,1674,1030,1128,700,1677,378,1507,1326,2197,1498,2198,716,1781,845,518,423,418,520,1566,4569,924,3221,1828,3181,813,1152,702,603,431,1363,353,1436,923,3432,922,826,540,630,1239,1190,2671,584,2343,945,763,528,1537,439,484,737,832,2303,2333,2667,855,622,762,457,1182,506,880,975,1403,743,435,2355,483,2996,1665,2693,1498,991,1800,520,518,738,318,1520,1412,920,1319,1099,1739,889,631,955,532,536,1108,548,849,1922,676,455,1208,663,548,514,724,802,659,1545,1762,2256,1606,701,673,1683,1891,579,697,3564,615,1474,868,521,1675,2725,1069,2047,3665,694,597,636,608,858,741,2749,422,4105,3593,379,389,2638,1146,2524,1630,2063,2218,1061,3448,492,538,2240,509,2432,878,1440,3209,643,888,1254,1523,904,627,703,623,1266,1832,770,526,639,4451,2184,1541,1441,713,613,417,2868,729,2086,488,495,383,335,516,1036,1358,1578,921,638,545,1702,895,902,1327,560,761,460,1092,1308,2325,812,3223,1156,1203,1220,703,469,1358,1271,818,612,739,1903,996,1662,1264,855,851,587,502,980,905,1496,1172,778,2822,1038,569,4078,523,2209,2342,537,912,446,2118,1297,1018,1804,772,497,993,481,1619,2034,2373,825,377,760,718
6,1341,471,1202,505,703,1247,2364,805,1234,1148,696,1279,904,883,1213,1580,304,511,1344,658,1491,1702,698,734,1789,1166,924,319,865,1582,2099,444,1637,558,1444,522,1300,454,574,877,1573,1179,1135,665,1469,1264,953,467,783,2216,1439,2717,2838,545,665,529,560,1300,1559,395,621,704,2969,1740,700,1422,1286,1121,695,2755,2391,3725,588,1026,617,760,3161,1043,460,1086,538,696,1330,820,347,1029,3318,2637,416,1184,3558,781,1283,3168,1570,823,945,854,1600,1156,2110,629,979,2296,470,1283,1004,2237,365,1556,1755,584,1267,1098,786,1000,938,4561,821,277,668,448,852,418,1805,371,781,678,550,1017,583,605,840,798,624,4018,995,990,569,689,760,2369,2088,1285,1059,758,546,2386,1100,526,2227,1231,685,1125,899,2087,1003,715,501,1067,711,930,964,1212,3491,1536,1641,1559,1797,559,904,1123,620,886,484,541,2910,705,383,951,440,1580,1169,878,517,3428,489,526,2022,417,731,1062,1637,741,620,1072,821,703,2375,1818,459,653,415,488,647,696,650,585,1363,1268,763,1658,1036,2814,899,508,719,750,530,373,471,2117,4035,478,1852,2147,1216,761,519,685,593,337,504,3148,3821,557,914,278,1744,1926,1356,760,1486,1428,1702,989,795,420,1008,1590,786,363,772
7,1111,1016,3226,1370,523,3874,440,472,413,567,596,565,470,1421,976,947,692,568,521,345,776,1352,2010,896,1788,2076,670,502,2803,1245,889,669,1087,2423,220,823,788,565,498,876,514,923,1381,587,1373,698,655,740,1132,1122,457,1251,532,1049,459,2746,478,627,1519,2096,2287,1456,2093,577,921,476,616,3328,716,2265,2501,1594,1499,814,2446,882,3151,1631,551,437,3712,783,1461,550,733,1395,625,612,1080,438,2970,1169,529,749,2358,1500,1352,1492,533,679,1263,348,491,431,891,525,409,442,679,783,661,769,680,721,658,1192,884,926,874,1667,817,821,668,475,1398,1211,1171,2957,1624,449,4391,406,1204,915,445,516,1118,837,1147,4457,639,1498,1027,4609,1031,1046,613,1319,1523,3133,792,1705,2205,1049,3310,1395,325,646,700,764,787,1066,924,657,3244,897,756,905,398,637,2596,2836,945,602,1921,1015,896,1268,530,1601,594,949,831,1229,629,1400,2514,828,913,1078,703,1183,1012,486,811,2461,350,663,478,481,3303,813,649,1227,639,1190,1395,934,784,792,384,1119,2195,1002,1161,422,1610,448,526,1733,369,719,371,979,963,383,2352,660,3187,1226,1393,1118,2263,705,1733,1018,2193,3518,2903,464,423,1376,820,386,1015,4823,3467,1807,971,849,844,926,678
8,2097,1282,1128,3050,573,531,706,1118,789,945,447,1521,1292,1433,4396,382,2456,1332,739,362,1069,1027,1435,951,1353,1162,2274,1504,900,602,556,911,1106,1040,1754,649,1033,1193,664,592,1286,1262,4460,1274,842,976,2329,950,328,1462,1918,1954,774,262,689,1925,786,984,654,531,460,3458,445,565,705,2559,3527,732,910,823,3362,1570,726,917,511,812,715,2765,2757,1585,680,493,436,1269,1782,1003,461,1217,1065,747,815,1020,1135,2805,493,508,1260,1207,1991,1146,1062,637,466,710,935,1006,559,4088,959,1382,344,646,1194,636,3018,1560,4293,1844,972,2218,1759,1307,1564,1736,3128,1471,1047,5037,1740,399,940,593,612,1834,292,628,1996,1998,442,1496,910,485,1047,934,2388,1083,1047,451,1037,953,808,919,492,1775,695,985,1688,1969,2191,1852,2090,496,785,999,2610,1286,1758,1010,4719,2689,2359,1016,612,949,2614,1161,687,1725,1312,680,1566,725,1710,375,971,2891,2262,3046,2008,1064,952,996,1881,726,420,1062,1050,3556,678,1275,668,1551,429,2664,1775,1147,968,944,837,976,387,376,1188,1640,1877,1139,1908,1295,676,458,1462,430,1144,405,604,736,762,626,1337,2581,953,1619,470,1264,4187,1249,1273,1502,3351,2872,732,548,372,2262,492,2251,2542,2548,1176,464,4116,850,4015
9,805,544,585,1463,523,706,383,631,1114,1359,1082,673,1484,3003,1960,1050,405,2299,1196,684,1362,2125,716,1531,1756,818,407,556,774,3281,1011,1403,719,1374,632,1633,677,2115,710,313,446,567,577,836,664,636,1439,4312,957,819,774,4322,1185,595,917,1449,682,648,693,2107,485,1948,488,538,1161,1250,1240,889,437,1924,1077,622,680,594,854,815,1357,3408,455,541,1087,803,1355,678,2950,885,867,986,2985,687,792,788,1494,3412,798,751,809,288,1190,1596,3326,1682,803,1051,478,3424,2996,1901,361,1030,1271,3765,1364,848,1061,369,1034,1051,2140,1378,768,1648,1722,374,747,867,2985,1105,531,904,1031,1434,924,2422,2588,743,1587,591,1524,309,359,1962,1150,1752,918,693,3469,1143,806,575,1865,675,1147,1967,1103,726,1174,674,1988,1469,666,478,3730,436,350,1081,493,468,1434,553,662,3775,2163,1466,847,519,1591,744,2118,1603,1430,640,4142,742,851,477,1574,851,491,1011,791,563,2727,2522,579,585,1330,4060,547,947,400,771,437,1306,727,1073,1349,735,742,634,589,1366,1455,2425,2185,2568,746,571,2585,1535,384,1263,4652,1086,1887,377,670,920,356,442,1827,751,1807,627,1975,1035,1410,904,756,538,444,608,1787,556,1457,584,914,547,1007,2827,558,1916,682
10,1004,1297,638,912,633,799,787,485,2019,1499,675,984,1422,976,2190,1375,790,230,319,2087,533,3240,1143,966,1666,292,2295,1684,847,875,1771,1736,560,550,1237,1480,1929,827,2080,797,853,1435,3626,899,1703,1686,2466,494,889,853,421,885,839,1187,2664,640,4156,1050,1621,934,1318,1915,430,507,432,988,1233,2445,714,668,757,627,1093,848,1686,570,916,445,854,1056,1512,776,599,659,1300,498,846,700,2238,3985,1077,831,453,481,3032,719,677,1229,1981,323,798,908,1815,1779,1078,809,792,533,852,594,855,771,663,562,2496,909,990,1784,3004,1467,794,2845,564,1916,369,665,421,2615,717,608,358,484,639,397,587,582,416,433,1083,338,393,1462,690,921,689,588,812,440,646,414,466,1698,679,1432,355,591,228,894,1446,2214,613,1353,929,548,1077,554,763,1736,3998,751,1025,897,597,941,297,1402,736,872,1104,379,699,1039,558,653,660,373,769,1243,473,578,744,341,1238,1294,421,1045,810,1118,659,731,860,938,623,1458,1261,436,2175,1244,562,624,955,2472,1984,786,1148,1703,1382,760,509,548,1377,574,932,372,877,905,379,617,3320,1464,828,2186,638,796,984,3020,624,1080,1197,1778,621,2050,949,1311,3662,741,2436,3360,1004,517,895,518,1207
11,1826,4803,1007,1375,450,2706,554,1166,1001,2070,387,4090,1487,947,1910,764,842,1525,736,1487,1382,1608,440,1100,909,482,1984,498,1943,407,380,1066,1993,758,2770,999,455,813,735,2318,1777,1151,2260,1057,752,555,949,608,885,1340,711,1784,1503,916,935,711,514,775,808,840,1410,2088,1051,505,4152,1998,1663,618,1540,342,866,963,453,471,874,1745,1381,377,4292,459,1086,569,796,401,4198,796,1166,2839,862,892,672,1009,827,3025,699,639,719,622,2237,1183,1673,868,627,253,535,1907,1454,1797,2115,4141,1663,3993,1622,2344,1083,959,621,349,2666,3119,297,1557,1616,2093,744,1099,1356,2023,1274,368,891,510,1990,762,423,1306,1670,1634,617,594,1841,769,417,1012,313,528,1130,383,1872,4135,1107,503,1585,911,367,2183,495,972,483,2041,3633,1446,593,1305,2548,1423,323,1594,961,3531,1488,2198,871,506,595,1925,1799,902,2612,719,540,962,4086,3662,2709,850,349,491,1248,3194,1589,978,1562,523,567,1637,1551,3570,493,961,2393,1994,2195,1369,1422,458,628,1107,1183,793,1521,505,1373,1529,1899,3068,762,743,502,837,1190,800,619,2780,966,1554,854,694,656,1293,2755,1433,2595,986,628,1438,3048,454,701,2748,1389,685,366,1277,1507,1605,699,1849,606,746,1316,765,686
12,646,396,1349,601,1253,2074,576,460,1120,1790,1781,758,1260,939,414,437,2386,1104,995,1303,1708,340,1504,1505,830,1821,745,2044,968,613,308,1032,1516,1023,587,1204,1584,573,1656,277,1711,713,1113,439,2839,3561,2009,920,606,802,746,1184,882,517,662,670,1313,1190,485,488,692,1864,628,483,429,2334,491,1542,1098,1056,766,1755,1177,826,1082,1247,854,1436,2408,604,322,722,382,2277,1707,1274,1681,491,1315,910,1003,771,2252,727,794,733,858,976,909,626,491,463,1281,756,954,625,2150,539,389,1320,790,2118,342,645,446,749,340,547,897,1588,781,457,345,697,1749,426,480,1115,1125,564,653,963,1473,543,754,818,485,608,1564,4568,621,737,830,2002,837,642,421,825,469,627,3561,629,364,481,1002,753,512,1124,341,3994,1747,2204,2075,1107,351,512,1431,2650,2522,671,3188,1517,946,538,560,3949,380,511,1719,595,727,951,422,622,1340,780,431,695,814,1891,1682,724,699,867,1151,1252,648,662,467,1120,518,993,657,1119,935,681,1714,539,1221,3314,606,863,600,322,626,503,927,2087,611,475,925,1898,2392,2757,1091,685,693,552,826,853,943,1294,585,514,579,588,720,801,1945,1604,1117,631,2912,1375,3237,1530,595,584,1313,1581,3036,428,2003
13,800,1824,1315,1512,3435,1901,635,1599,1887,988,682,885,522,415,1082,2245,312,1914,349,936,620,1569,422,1285,607,1021,399,2281,1738,671,1871,726,417,705,1623,1400,1782,746,442,1252,527,984,538,1540,1502,2684,822,1049,835,1015,3982,893,566,2045,771,1178,740,819,658,986,813,805,501,981,1026,1833,1869,799,1385,3345,1736,1023,600,3904,815,3806,3973,1017,1875,3635,2144,2166,365,1768,1142,449,1620,495,431,524,925,724,853,886,526,2631,1252,1378,863,367,1188,553,572,723,3490,339,373,1428,511,381,2599,540,755,408,455,726,3088,500,1027,1575,2146,831,557,491,524,511,630,1025,398,1550,508,4073,349,486,1034,1114,766,1490,324,772,1196,538,690,1501,801,488,3185,600,1200,1344,914,698,972,783,1056,3763,716,2930,4069,709,725,544,794,1373,1500,436,834,465,743,1165,2246,870,2578,710,581,654,1114,856,621,701,618,2684,414,770,941,500,2112,778,366,2589,556,947,922,2764,533,516,1877,822,942,3306,701,1356,663,861,462,876,482,934,700,2167,503,3713,556,3048,685,1589,432,613,3453,605,655,2628,482,693,270,1116,1446,1217,747,519,482,1610,851,591,1342,704,1055,3026,2223,806,798,1384,772,332,234,1117,596,3445,1855,525,1835,730,1343
14,1347,1370,1499,2693,821,781,2380,583,1320,749,1311,1593,991,795,871,615,1639,1125,678,497,948,931,433,923,932,683,1502,393,1825,516,1134,309,701,2812,1445,1065,1244,1166,494,1824,573,933,2166,431,1111,2930,354,522,1345,891,628,4664,366,581,1918,816,1334,526,2708,1089,571,612,1138,847,560,1399,407,558,375,3499,1688,3588,251,602,1367,323,508,430,993,672,886,789,2269,418,900,656,449,1784,670,670,1033,2881,1076,528,1722,3225,963,2044,906,530,2547,866,779,409,685,347,2048,795,578,1371,398,914,799,1241,463,3120,1163,2447,585,808,428,639,424,1095,1292,563,1311,864,439,1308,2032,1018,1926,487,1069,4222,520,527,533,768,4094,506,650,363,993,1040,1056,977,947,1013,746,627,3489,2737,860,2447,902,2912,793,805,697,833,470,1004,1029,1855,461,3078,721,556,606,1165,679,832,1746,717,1052,359,1532,1881,428,2473,646,1064,818,1385,691,2440,975,324,710,1362,997,642,1009,2979,498,1281,709,702,1574,2790,1636,1510,699,615,1275,697,494,2642,510,3594,1198,2674,381,1910,891,439,1772,715,972,594,924,977,1966,759,471,979,587,1918,543,569,1361,909,1821,707,4000,3410,1674,1155,2981,1578,1354,2437,516,742,2142,954,1932,1619,635,514,567
15,539,1832,884,758,464,1056,745,509,636,533,827,942,516,915,734,380,1236,641,1874,711,1697,975,1524,1483,662,712,520,498,1094,783,831,863,1048,1815,1124,541,545,1127,472,315,832,495,710,992,664,1711,1040,4018,326,1127,1195,1704,1896,889,801,1360,328,988,986,2597,333,553,1641,658,2158,895,1835,603,733,366,698,305,1308,1975,1487,1373,930,1325,3797,1651,571,2513,2654,944,795,2099,397,593,494,729,714,1480,615,2461,1277,702,506,574,1516,506,527,1560,880,448,2196,860,722,1841,2411,971,636,751,4409,4733,807,950,571,1111,1425,1166,1056,572,1188,439,511,1133,1119,994,913,606,914,795,875,580,1189,319,645,1146,1133,967,632,586,1859,735,825,3377,629,669,837,768,1063,703,1057,537,1013,1540,1118,1854,667,3354,2787,485,856,3095,1309,416,567,988,2983,1205,1113,2874,2668,866,3214,744,811,1240,1199,631,2973,450,1634,413,3019,635,2902,2130,1290,526,638,2183,760,1289,636,2599,2362,1169,801,2284,1641,3506,755,1433,3436,658,606,1569,1461,1294,3874,1600,601,818,298,501,1818,1047,1322,412,4164,1057,1321,442,1040,1549,863,1162,849,734,1173,1190,736,650,1098,718,941,596,456,703,242,626,581,572,873,913,777,3684,414,676,718,1467,874
16,600,654,1075,581,633,930,2906,2241,853,2339,704,569,1795,590,2163,655,1364,664,454,793,1373,1027,960,1037,499,1424,587,971,469,2408,893,1205,1033,1179,3059,3060,584,590,725,291,710,1779,1016,694,826,786,1173,277,625,1717,468,585,623,992,1766,839,333,324,2206,3074,1023,967,736,664,430,475,812,2293,3251,838,1756,687,834,700,1987,865,773,1299,607,2837,1547,3748,632,934,547,1160,2632,1054,822,1025,527,1798,1468,597,1164,938,1186,1838,636,892,3160,1895,651,575,655,563,976,1645,998,326,504,1427,514,778,2444,2077,2858,670,1197,357,1560,2003,725,1496,2956,1464,1311,1047,1347,891,781,939,1391,626,1480,1028,2127,2097,681,322,721,680,1402,1548,953,1060,855,620,548,2010,1174,732,2073,2702,422,724,293,790,1636,1337,2049,694,891,2802,406,873,1272,993,1210,4305,821,1172,1517,2565,2178,800,547,692,625,1456,588,835,1193,853,701,623,772,1213,2027,630,1680,4616,517,1854,1561,746,676,3562,1229,627,1729,1162,1523,453,554,1800,618,1141,346,810,724,1803,960,754,908,700,516,701,467,1566,725,1024,563,2061,636,1491,1400,736,273,521,1866,912,450,690,591,446,1347,870,910,4535,445,1159,949,1875,447,651,877,807,694,839,896,737,1283
17,851,992,789,532,939,491,1172,1112,3737,1019,2331,665,606,439,817,589,982,457,863,3088,651,552,732,624,367,855,2680,3464,909,1218,2367,370,1415,1395,335,583,1443,1234,633,843,1167,750,1075,568,1663,1434,781,1073,1299,1047,918,1245,1261,379,732,948,430,1291,701,1102,1457,446,1707,2162,902,900,1925,795,633,389,481,1575,424,713,624,1399,496,1774,3256,586,752,1161,572,1258,2994,2749,2238,3676,472,535,669,3560,352,1533,458,755,445,1158,1109,3001,383,604,647,1681,3982,498,1125,773,1882,1512,578,507,2054,2247,1560,430,1828,550,572,1109,760,1382,730,597,972,1095,807,821,1113,545,4124,806,595,1976,1715,2212,1583,603,864,1868,418,980,293,470,886,1223,1302,686,2223,902,444,935,683,2954,477,200,509,1021,541,1724,1603,586,816,2554,406,549,2491,4691,943,1666,524,655,725,1105,1983,1334,428,353,866,329,1594,764,1043,1974,747,1663,497,1331,1111,866,578,471,1660,1357,2081,526,3924,769,529,975,508,551,1322,481,1342,706,960,1164,839,845,1533,2252,785,601,1528,2065,2782,3112,1763,1204,619,1174,1853,1608,2249,804,760,2276,950,595,465,674,884,1150,4059,1765,585,1907,2520,1401,686,2094,910,574,3490,732,3291,630,550,401,1168,545,731
18,708,1101,925,4022,3638,1388,709,849,2138,913,758,1134,666,2310,584,2353,341,715,1065,904,424,874,2847,886,692,3554,684,516,1466,1009,1002,797,515,1074,3375,2156,3934,765,875,407,3511,720,529,1336,1080,1070,1392,1553,1770,2180,4878,700,787,725,519,1781,1318,768,497,1515,705,754,2103,3908,732,2960,2206,1020,2449,1376,612,1144,3200,935,2706,560,774,394,982,521,2330,1204,755,1382,505,1005,3262,692,665,3049,1417,1211,4526,686,1059,1400,313,466,642,530,1658,1100,313,587,580,1007,926,1078,577,479,515,552,641,521,470,1459,1956,739,1189,392,778,1054,909,3901,767,1330,1388,509,1027,639,477,478,1133,1006,482,491,1172,1079,461,698,962,587,491,699,588,471,620,900,807,489,684,346,1725,544,1126,2220,1302,1098,1056,498,847,699,1111,837,799,739,487,1012,900,1712,894,1606,586,905,740,4491,2508,926,1245,501,2290,483,760,595,1234,2910,2647,679,739,753,954,880,1143,1208,1415,4408,618,2597,824,268,689,858,890,2976,1862,632,1057,951,1947,564,1615,1444,2149,483,1025,597,1095,842,1705,1014,855,4181,1453,647,583,524,604,3086,901,2015,904,632,957,480,1313,677,898,883,596,1005,407,561,726,1747,1699,877,674,535,1180,428,1016,698,413
19,2186,741,1153,856,686,583,577,593,921,4054,750,1256,602,472,1183,1126,1067,415,1590,1662,4788,2798,535,344,1036,1079,1482,641,894,464,355,549,3514,1855,890,1145,2182,2070,510,2092,3428,624,640,1167,680,1043,440,2057,456,661,902,867,499,1353,1499,1000,1250,805,3043,701,1074,723,764,2489,1393,248,756,975,3469,507,3145,404,2051,2688,1316,887,775,695,703,1294,2515,596,453,1315,640,1068,986,649,1417,630,586,929,1219,834,1179,497,450,1528,2660,581,973,1018,552,700,2024,1083,2735,433,767,438,1291,3336,1578,1167,1404,1123,663,898,1360,2213,4679,571,688,3188,634,920,1107,939,1212,619,346,2405,1157,322,3815,3260,707,2269,384,912,1345,2549,1695,609,421,466,986,1193,693,3037,627,2039,438,1478,947,1058,822,632,711,432,1015,790,1087,1250,1802,3810,1090,885,513,1036,504,854,709,950,503,896,572,1112,3448,741,2023,599,732,1252,3933,1035,676,575,344,1279,1702,1075,462,833,1706,1100,1938,673,1237,2735,378,577,1444,568,2258,679,978,2298,1240,1459,1659,663,898,1826,876,473,1208,1016,1047,518,537,631,1524,985,2168,831,636,1045,670,1370,817,1488,1058,287,1640,758,571,554,1017,2227,2580,844,2121,721,1361,474,440,652,532,628,394,605,429
20,679,2446,1146,685,1375,739,3475,824,515,4592,469,585,3142,992,895,387,1213,972,543,1315,538,1651,1248,818,1226,1286,582,2031,994,1890,1808,768,601,453,2135,1068,326,355,1215,2748,1165,531,1851,2638,1524,768,354,901,521,502,400,1162,383,761,713,1021,673,965,481,753,1615,1019,1142,487,1897,714,530,913,901,2337,410,912,3395,896,1005,526,746,1119,642,1108,494,451,1146,1381,1530,869,2111,2210,2829,1494,878,2047,3739,549,409,440,2239,330,501,624,2988,525,1531,1312,3899,337,766,490,496,1223,1395,1076,916,475,710,2887,646,2893,1122,843,3852,754,4454,1413,2485,838,990,629,774,653,801,1507,2881,1148,659,2966,413,746,1359,1225,525,876,358,1676,961,603,2284,2389,273,698,813,314,778,603,907,934,693,547,1031,545,577,538,545,553,3732,1137,670,585,666,686,448,2829,631,3352,1199,4109,1029,234,543,500,1045,3978,507,2263,532,892,2009,891,3027,1034,699,594,763,848,815,2247,392,637,1722,368,715,501,409,418,2308,2401,642,1234,591,694,1351,739,850,3690,2652,615,737,403,528,538,1126,832,618,3875,2287,856,597,2140,344,585,673,1919,554,3464,759,745,440,430,713,710,821,2100,545,2044,1129,1647,859,876,1508,1065,1863,412,462
21,520,2258,750,2256,778,775,1227,1186,704,2532,579,1308,793,2039,452,426,1726,1446,1896,1286,605,2794,778,562,1421,1417,469,987,1557,1016,661,587,1981,1423,713,1376,2703,1220,1295,2037,280,742,1660,714,1032,2290,764,1914,995,1146,1089,863,1217,1097,2134,2835,584,577,632,862,564,560,1221,603,1369,996,689,847,769,558,1158,2622,384,2350,249,1858,668,928,663,630,579,2557,1068,993,1496,904,516,936,1473,616,1532,624,1643,807,795,868,1226,933,773,657,766,730,366,1367,736,1254,526,385,738,1322,764,2749,467,1651,654,3194,940,1060,1843,368,515,972,526,827,1164,396,546,712,1101,1740,595,629,497,1353,1150,1972,496,934,519,3267,1050,447,1288,861,1590,672,720,3060,1942,852,522,875,1663,279,3681,728,298,1052,1083,1190,541,2044,2427,618,671,776,602,1387,1193,1078,1049,589,728,1968,3274,504,702,1580,1007,518,910,1201,1051,799,4091,542,2568,1366,4058,1143,1946,1230,593,2901,1479,1121,768,505,543,1752,439,1371,730,1001,542,800,488,299,2925,1571,825,2214,502,1618,821,760,733,2272,539,935,626,501,623,716,1068,1877,1115,1576,1007,1260,3911,935,1569,1313,4726,614,647,2648,3645,1976,968,4220,613,294,348,1041,354,1179,444,2868,931,673,4004
22,904,3009,594,811,2210,1045,918,1501,747,843,1117,1816,1791,2924,567,4052,620,1683,1296,648,2511,595,382,1529,1840,711,543,2282,990,1535,751,337,912,618,614,489,661,524,2144,956,560,1092,561,630,504,4162,672,1116,1281,1209,850,1263,697,1036,1569,1212,1427,2310,1175,699,1363,674,638,910,268,517,721,1761,722,784,686,1835,768,830,735,811,588,662,3086,717,2395,1514,290,1115,1531,1377,1007,3308,457,824,1366,1024,1182,1231,1798,840,1778,1046,3617,2321,667,764,1616,700,610,1058,596,853,722,474,620,626,906,771,562,647,2105,456,1496,1084,1041,437,1130,573,1578,558,612,536,2228,696,1489,3656,920,337,579,1710,2582,764,907,703,698,1568,756,644,446,476,1452,2720,1742,1170,1585,473,1800,1238,1187,1017,1187,348,710,1952,769,734,966,789,870,630,1125,1955,2287,736,513,1824,1190,571,802,1429,1868,467,889,700,2662,920,4710,1231,615,407,797,1014,673,512,2444,746,1302,1505,2608,416,363,985,1023,641,829,1354,726,933,1166,1093,1011,807,824,658,860,764,579,836,3085,765,549,1525,1066,1390,935,1819,3775,891,1934,1693,1681,935,627,664,573,2236,2341,990,1174,1692,1895,435,2843,860,1632,2135,630,638,2224,486,631,573,2192,1108,971,1555,731
23,593,489,669,744,1222,1680,770,1947,894,598,489,475,1506,1412,871,539,1015,1507,857,630,812,1186,1099,1189,1003,643,1153,942,443,2690,2414,1938,1899,410,1420,464,866,815,2737,1729,460,1062,2097,1074,830,1218,557,1175,578,1577,2388,910,636,587,602,675,547,1456,1087,973,796,1528,658,1300,473,444,479,1072,1291,3717,470,391,580,756,442,1686,920,389,1290,1191,1223,1199,1442,2105,557,533,446,222,452,335,1188,368,1617,672,1156,981,537,862,2087,1968,1714,1141,2540,458,4663,2117,749,1055,1358,2215,2093,1807,305,595,2073,1466,1668,1002,624,854,1813,1048,728,2725,449,289,638,1035,330,1646,4336,803,736,1281,1815,854,313,651,518,826,999,2815,1282,1130,534,371,690,767,631,4424,1465,852,1516,502,673,635,834,945,1354,989,491,990,603,508,583,3072,732,1388,3622,1021,2423,1273,705,930,543,744,834,663,2938,700,515,845,478,776,1018,1096,500,1787,2037,535,1107,847,487,862,1169,4207,505,3906,1080,496,1062,1497,773,708,1184,672,1114,428,941,677,786,965,855,1285,555,873,1413,971,3420,731,739,2118,1088,1481,1792,1212,1430,562,430,2034,964,609,1013,3180,738,1399,1592,1335,2318,4967,1060,1007,652,819,940,802,1255,445,291,381,560,355,1457
24,592,1509,626,630,573,231,456,477,3679,1344,457,765,651,978,2855,754,5417,469,2845,780,953,1512,522,539,846,620,2488,1876,2824,2376,1342,1670,2337,1282,580,1285,1098,532,1065,1472,449,914,2113,1860,1503,2541,399,672,508,501,940,864,1253,435,664,860,1652,255,350,1753,682,2127,956,1500,1474,310,1004,1425,774,1157,1503,1586,458,890,869,1570,2876,689,675,871,1117,1738,901,1850,602,882,1023,873,483,638,474,595,234,515,1099,971,922,1051,1673,452,551,995,482,470,666,737,949,2603,814,545,1573,684,613,431,718,947,875,4122,982,670,1054,809,3292,709,1905,644,2367,797,622,1023,1086,992,664,2605,881,512,1530,1531,623,726,574,1605,1051,661,1126,1445,439,935,768,595,1828,1102,1003,3273,1449,1061,430,1942,723,893,589,2221,1356,731,2893,1347,1823,504,859,618,1177,1026,674,2802,823,1152,943,1368,484,1679,1690,562,356,1746,466,356,1122,3056,319,1984,1347,1260,889,1297,3556,757,640,1808,643,2269,742,578,349,792,1156,680,1852,1847,1057,1296,2941,496,518,1557,522,639,1644,962,1490,2465,843,850,544,870,424,1344,1208,1203,1978,697,1007,1918,970,483,805,796,1683,720,716,2529,720,865,2049,1066,1028,507,1471,1550,490,469,958,472,625
25,2324,1467,2444,714,640,373,810,621,3353,2192,759,1314,615,690,3161,457,3450,934,646,3703,691,2552,562,2386,2787,661,735,4583,1350,525,994,518,1569,1769,512,1162,523,715,524,2003,1662,676,665,1834,471,2525,825,2078,371,1787,2326,1606,866,1113,904,2217,664,1539,861,1806,2738,992,1112,3300,441,1044,1111,409,2539,1637,267,1120,1060,351,696,1340,784,1018,1014,1270,844,3361,1237,1848,1458,420,2547,665,820,592,1152,2675,426,1242,416,716,693,1603,1398,2379,1820,2307,661,1968,1459,1173,1031,1397,922,377,792,436,611,1668,574,713,550,544,462,1008,1806,593,780,621,2663,596,1108,1346,1597,1673,502,1507,765,1394,2374,1769,1027,789,1462,515,1486,741,571,472,546,1667,1346,899,411,595,1437,485,364,921,893,659,2435,650,378,1311,1382,767,1853,402,773,1323,1554,649,2588,3307,755,1053,724,704,2210,2064,1141,484,3212,584,1484,751,638,3954,495,890,2567,3453,659,2276,1001,1575,1333,1005,641,318,889,1404,824,1305,350,2951,3641,1067,1287,1005,456,1012,2228,469,989,928,1815,2059,3408,1107,509,496,652,662,829,1160,1786,454,1793,652,404,545,1717,1208,3160,664,585,750,554,1896,666,2587,-1095,684,989,904,639,3500,747,720,2140,1035,1296,996,1053,3878,3115
26,2326,2126,1531,3836,831,725,981,530,1245,625,1771,943,461,407,766,2266,712,593,866,794,953,317,344,1589,622,1075,3397,1860,727,1360,1871,782,999,403,1009,399,685,1417,917,822,553,533,1765,1144,1449,436,1218,2736,2631,1803,576,1156,573,725,2257,494,1645,638,482,1500,822,547,893,653,626,357,296,871,1275,774,3785,690,765,497,1023,947,1413,2687,467,300,671,2205,781,1026,864,706,483,850,2702,535,515,603,638,636,1153,2799,988,1293,4238,613,2118,1132,513,1974,1602,642,369,3247,1734,2254,881,901,798,3111,849,1488,676,1533,412,1492,459,1808,428,595,1351,873,984,519,2517,1276,598,542,2800,542,2395,1744,342,908,668,1056,1115,1212,1332,527,1541,2468,1982,624,421,1530,928,664,1672,1327,463,1253,677,2450,880,1215,603,747,1601,2167,2023,1460,3931,1428,846,1581,308,1184,510,418,638,413,470,581,2579,582,1970,2043,891,417,778,355,1065,903,1063,1672,909,1963,876,677,692,1456,1685,632,952,824,492,559,1215,1408,673,850,399,1895,990,4768,589,4387,2205,834,455,668,1955,701,1540,1405,3722,3427,1789,896,548,1330,1124,981,565,1166,1358,1821,1302,2368,4704,603,560,519,1222,663,1148,1299,823,3861,2876,356,821,691,558,2196,674,746,329
27,966,777,961,3102,1214,1318,1472,347,1861,1113,2094,563,665,634,2642,505,816,1412,1172,1589,696,3450,946,1953,1715,941,477,554,623,1263,752,1185,455,617,975,1944,892,1039,1277,686,1122,857,1858,893,723,537,460,560,2830,506,1156,2789,4035,4192,1983,1804,924,1562,1162,759,1100,421,1533,1623,360,799,1416,642,1172,645,444,1083,848,2556,3216,1122,1011,732,278,433,1123,1006,1025,1798,624,767,2538,1186,2108,742,998,2320,601,1208,360,711,1257,787,1024,1510,2098,560,811,2580,807,494,945,1570,699,382,2802,672,2356,616,2867,1078,710,2099,810,1924,473,610,570,738,1043,1802,849,760,2780,1055,312,943,616,393,1823,1767,962,2314,834,1253,441,542,1029,725,1684,634,668,1244,1040,828,3835,1860,561,1062,865,687,651,491,1808,592,3804,1363,620,610,221,2230,1173,400,987,1364,1714,766,472,707,618,659,673,1035,1030,746,3516,1184,2031,1205,327,1245,981,690,489,1542,989,4042,1027,2007,504,1429,671,530,472,878,735,2250,3382,879,3903,456,945,790,785,687,1057,788,3136,2062,502,1023,713,2022,1894,710,1920,3752,864,210,1279,2573,1403,3386,1113,1189,2643,326,1407,657,3654,414,393,531,599,688,668,560,3680,1709,565,2258,2662,740,527,370,836,2659,1308
28,1225,698,594,436,3057,1059,380,848,2818,289,860,1016,1392,1334,3216,544,722,1459,698,309,1323,918,2847,1218,1210,876,1084,1545,1015,4006,4162,2276,1382,838,1081,590,1844,790,859,1249,1101,2010,1444,1056,1038,845,2795,513,930,730,630,1113,3447,1378,1179,639,770,1195,1566,789,846,845,1198,1223,3255,847,822,796,3309,3711,600,522,731,2521,3488,468,821,717,1013,1112,2471,374,496,1072,781,476,1136,1050,780,783,1029,532,1109,804,872,1075,4522,1097,575,752,735,538,598,4362,558,478,1000,701,307,1191,712,374,1230,452,1494,850,1088,624,1332,4268,871,937,774,803,1916,1676,756,455,2858,1747,3579,2047,605,1784,2629,2712,1242,1901,559,943,1407,1494,673,2791,854,1734,944,487,512,1145,1734,1837,992,1081,785,1925,801,703,488,489,2490,1733,288,936,587,1557,487,2112,721,886,1254,2850,1132,726,2663,4908,921,612,715,780,845,1996,515,1100,628,949,1780,437,566,658,1629,417,891,666,1090,1191,677,1493,978,3185,1050,1605,885,491,203,961,1677,662,906,3278,855,1025,615,429,1484,886,571,381,618,323,543,1387,987,941,2001,562,1356,711,836,489,2684,649,794,1097,689,612,801,1571,1107,603,1540,205,570,443,632,585,366,588,832,804,2263,1178,974
29,572,594,3682,873,562,567,2676,1533,827,752,1506,345,2529,1680,369,1602,583,3263,518,3988,695,483,1364,1204,2942,984,884,1749,1154,1172,1117,680,1175,515,721,427,633,735,2030,1245,364,2040,422,978,665,1538,749,1274,838,1607,456,1240,1718,592,568,459,906,931,854,488,954,544,750,711,2078,672,599,2001,555,805,1309,1101,536,798,2452,1593,2328,1394,858,587,2688,1355,1277,3516,3051,2045,1539,1491,669,1211,944,1846,1067,2425,1105,1883,430,2616,2334,787,1910,1365,896,666,1795,602,830,836,2619,1225,546,1440,816,3777,1701,1180,943,1476,1011,832,965,942,974,661,1588,3584,3120,1518,1685,2307,2190,550,1265,3488,1883,529,836,871,908,2397,1531,2370,810,797,2183,2718,525,922,3180,1899,635,2931,2022,753,1021,611,1099,1214,868,720,2231,652,381,1152,590,993,1699,1072,496,893,628,448,402,909,481,1528,365,680,532,657,854,1256,506,1387,897,679,1564,1952,4131,2213,1213,1195,1304,474,350,463,1049,1293,639,682,963,2264,588,2386,773,752,1211,1291,638,1708,387,1599,938,367,1477,998,2429,537,2837,490,384,1041,580,954,1834,1038,1861,3583,1355,452,749,742,1127,1972,502,1525,1452,1072,2708,1163,991,784,983,1009,812,1939,811,962,1186,3812,741,1160,429
30,715,1212,819,1181,1780,1547,548,1031,811,1429,1478,628,1873,1325,3668,741,3695,846,501,608,3410,1711,1247,1149,1383,1607,1530,3899,1076,1139,1021,1696,1455,2877,2213,2491,665,297,803,957,2173,752,646,521,2352,839,2573,942,492,734,1295,2218,853,291,736,1795,670,1116,639,1375,577,1476,307,1047,722,1720,981,2040,897,1445,598,3326,883,3069,775,1003,1254,599,2214,1403,1075,1363,520,779,1150,419,742,1488,662,468,613,2190,1818,584,3935,2152,1614,288,3674,388,574,2331,988,442,528,967,726,2835,1232,583,2846,642,1466,3146,614,1260,769,2332,595,556,476,3635,2181,2923,567,723,3979,1115,569,2887,990,2066,692,1187,736,2037,349,1010,1722,560,2116,1583,2300,1230,1079,928,2548,610,1428,2363,928,655,3794,414,847,1873,1495,2040,495,923,482,654,752,4013,742,1445,394,648,1079,2415,2186,1743,1045,696,1845,453,422,803,1270,486,484,503,467,905,969,1260,1960,1641,1722,806,474,730,3617,890,922,820,842,1798,432,568,1012,565,555,2028,843,1205,923,355,1288,420,854,2032,2041,889,2665,709,706,2363,776,630,858,436,983,566,779,657,581,685,552,2457,631,2895,532,1054,525,1399,1145,642,1038,787,527,644,892,1148,1062,769,582,709,686,869,2318,523,2203
31,2212,1010,1077,646,710,1134,2575,478,734,786,611,2800,527,616,515,987,725,1551,1579,737,732,1508,1406,838,924,887,693,385,2249,1188,1074,860,1437,617,349,923,775,683,1931,1456,1809,2131,1408,432,374,386,742,1830,459,1026,1292,748,447,978,635,3903,791,3499,548,1434,548,1070,594,526,734,450,2381,875,1441,957,905,883,2311,931,2085,595,565,1266,1842,1324,2059,890,527,1002,930,1498,610,4551,597,847,4294,792,2741,466,1909,865,1438,763,1464,627,493,412,654,3072,775,467,1228,1794,1287,598,520,489,1197,2523,1121,1972,1458,1102,2033,488,1715,1444,2217,2307,3127,3033,1934,3155,683,627,630,597,913,1991,4024,706,1169,485,1781,550,1268,1624,299,1149,2992,510,778,1178,907,565,399,543,413,1489,541,1201,1735,2136,1042,509,2690,643,762,1656,553,1304,641,1612,586,827,993,990,1864,1280,288,1504,861,524,486,881,541,506,1422,572,507,1010,807,3947,1851,1625,606,1977,1230,895,1145,840,4191,1021,347,573,1443,492,485,350,462,1188,880,936,2643,2156,2143,4098,803,555,1303,3045,1600,2460,830,2337,536,1630,669,3812,235,599,1208,939,2363,765,1407,1011,1236,612,1040,1069,2736,2607,933,477,899,1129,1637,1021,3385,2500,1765,420,1036,2080,1488,3562,490
32,840,526,1836,450,1185,658,1617,1006,1200,432,996,612,2842,1739,424,972,686,504,887,521,747,3463,2951,2889,593,1908,1198,1346,292,1047,472,1693,569,1091,990,355,491,1221,1282,576,1736,1873,1032,1961,1173,1062,1115,1090,1340,1564,1894,584,1530,953,430,1076,689,988,1279,1576,1445,393,711,1051,746,2364,3153,902,454,853,793,1153,1157,826,2982,2025,999,1857,816,1314,1504,2325,1044,984,748,711,1172,396,1454,469,1046,516,1020,1015,1139,601,1141,758,579,1200,928,1449,943,1191,511,694,3376,990,875,2317,1375,1292,861,2470,720,1161,642,1056,1076,2355,1616,802,1057,1014,1927,436,659,495,905,586,880,795,2397,2467,2848,666,1152,519,3012,883,2394,729,600,1995,717,792,873,855,389,536,664,628,747,550,1124,638,1254,1029,652,486,1341,2077,1256,2460,433,823,1246,1069,691,1526,937,876,919,688,834,1165,388,417,905,930,689,1051,1012,957,1526,1004,2330,1100,1637,540,585,542,1523,1425,340,446,1138,1006,411,622,942,665,717,1046,1403,515,2385,2244,954,1974,2397,593,649,647,976,659,1108,2452,1322,841,1619,711,401,2325,806,441,614,730,2610,1420,1111,802,529,509,733,683,773,1868,1617,818,822,710,769,952,448,691,381,1096,2582,2596,1223,2374,1245
33,1294,475,903,747,435,1344,2349,1191,917,839,779,634,980,1464,415,1153,503,579,472,2959,603,1383,571,1394,2923,1152,456,1080,694,1355,1550,1560,1003,718,4401,2190,623,817,736,2462,1282,562,397,537,1469,1593,1222,807,658,3707,2562,584,806,2597,366,743,829,1331,619,642,1282,1871,634,812,711,1735,1416,866,765,1898,1560,567,1596,1008,949,3343,655,878,393,676,1092,4445,1272,615,1628,1293,1400,2008,720,1069,520,525,514,811,2546,477,1877,1337,746,977,1406,1975,281,556,397,1671,796,840,1368,673,1355,427,1529,2853,2310,911,573,1180,704,620,2139,942,921,670,2995,752,577,847,474,854,893,490,459,1565,2111,1289,1747,2166,898,2813,1529,656,977,906,558,1389,753,1536,2020,579,476,370,1109,1127,341,1642,1986,2359,1176,530,1999,3319,690,3119,1234,643,1099,1108,519,505,541,1312,1098,743,710,2490,526,518,492,864,2099,1807,1183,3466,1689,1456,906,707,914,1596,1491,2951,503,334,803,1767,4132,876,648,531,611,372,925,2073,2438,2483,561,1168,709,539,999,784,470,421,1055,1369,431,842,546,838,377,1661,1023,1949,1244,593,1538,510,1188,540,2201,1458,3745,983,1471,510,701,506,1694,976,2245,524,653,1335,2267,650,832,952,528,1758,714,626,368
34,1392,1155,711,1680,3454,265,421,1310,571,1098,516,1840,285,1729,800,1675,812,662,506,578,523,730,997,1067,1132,4420,593,1060,4407,1219,643,1186,1338,1055,2101,571,1054,510,2129,1077,1378,536,561,770,1078,2380,472,1754,4065,531,765,885,598,1582,1114,495,770,1517,1191,484,435,3290,789,697,749,1601,2189,3552,472,892,916,931,386,733,360,1023,1054,1484,1242,614,979,499,716,1525,945,1317,1094,1748,2516,586,1400,1164,801,1050,386,1717,579,620,1235,861,741,365,515,661,925,930,506,589,760,673,1547,718,541,495,1821,1431,981,1507,893,795,659,438,595,3541,458,640,2183,682,338,1205,698,1963,622,1106,762,571,2231,761,2311,589,1127,958,497,942,2335,593,476,2067,1222,1878,333,1451,1159,388,688,720,2978,2173,840,505,510,1928,722,1316,1007,2111,892,745,613,1344,908,525,662,1750,1414,478,1837,883,858,1131,433,367,695,1258,1859,886,404,724,1099,1068,377,1295,4053,565,642,3283,1436,255,1670,393,450,589,423,3070,826,614,749,712,1267,682,751,402,2440,1774,3532,1057,608,658,1674,733,2218,3338,960,595,730,1102,724,1519,693,1925,620,1361,751,1081,1780,966,444,616,773,973,538,1298,2120,681,1553,904,2089,619,4678,342,1120,3741,414
35,1812,816,581,1292,2359,1024,1201,629,608,654,562,678,3912,2323,1491,492,1689,1332,1181,1186,1965,491,1061,1466,623,533,751,361,2390,500,644,698,1470,1824,856,826,2843,532,2854,724,493,800,666,388,424,694,804,766,414,1611,442,1002,567,2064,2247,384,1396,819,977,1279,719,316,722,795,481,1149,607,1197,1142,360,567,346,4337,1259,2044,1934,3213,1651,1468,2254,1513,657,2950,1021,1755,684,1188,2125,458,1142,785,1626,1748,2411,504,574,459,499,433,1442,709,740,417,1958,282,1093,2567,483,2394,472,1167,360,940,356,1186,1979,1315,539,1579,1203,278,897,601,751,644,627,351,771,752,468,1064,808,712,998,4883,439,810,1128,1144,1201,594,739,2654,360,803,1933,861,533,558,639,3054,608,610,1149,2773,1215,919,1616,560,575,1618,720,722,438,1540,1357,2993,2143,1430,542,2462,580,534,1460,2053,1683,872,1238,1608,782,926,1046,547,725,3508,1538,2392,471,1973,439,865,309,1759,290,563,881,588,479,955,966,983,724,1230,609,1237,809,561,596,677,491,714,697,1900,781,1591,2370,876,1142,764,646,1418,964,1018,792,837,1883,1402,1975,466,923,2987,572,622,692,1287,990,870,654,1006,365,436,782,1266,623,766,892,2094,1431,785,1629,1545,2232,1228
36,1765,2684,780,990,433,1124,3416,1040,808,1320,1278,1301,3775,892,619,436,695,1302,892,785,1215,1607,2462,1376,1001,2074,1554,1474,4714,817,1598,686,652,881,749,1186,407,631,4249,494,921,330,537,2448,1013,1132,1186,374,413,3415,471,1301,2469,1754,613,878,648,585,3262,855,706,711,1244,2339,1825,844,1010,1877,704,1345,624,770,812,507,804,1789,1168,1794,1054,782,1230,1856,834,693,908,874,1969,3337,1280,1923,943,1110,1367,713,1303,914,1314,683,1525,659,1123,626,752,1768,585,1326,1143,530,1204,503,579,1682,597,1294,581,640,824,1191,2256,1413,1227,854,1069,551,1499,648,1548,646,3386,371,1391,706,603,3756,758,674,339,1666,583,513,682,2169,1238,338,1615,618,1120,1217,2451,1169,448,1761,583,1224,4115,428,568,373,1609,419,397,2604,1296,1523,2886,839,488,477,1584,960,3296,858,1989,593,424,1302,2731,4479,1005,2551,1244,750,818,2448,2668,871,592,2284,1545,1294,2133,403,867,2283,781,2651,334,636,814,947,696,597,1550,929,1020,637,3807,1341,1302,446,2984,4337,692,556,1761,735,574,643,1869,580,635,399,920,1445,2172,426,641,798,497,1459,1936,846,1509,1293,615,682,749,2823,2913,2341,896,945,596,1818,1103,1484,798,1305,581,1617,3026,445,388
37,1065,2247,544,771,1043,1405,2335,1541,1505,612,1054,886,500,2523,528,627,1614,1058,3897,334,730,593,432,1094,1498,607,2539,1959,905,1120,945,2399,1912,1017,430,655,580,704,2917,400,718,697,3307,613,3707,768,740,510,1347,561,478,1192,939,678,1538,723,688,1487,858,1249,455,716,1537,746,1023,1209,674,1295,744,648,2033,895,481,2009,1479,482,579,1388,1170,585,2616,849,593,1724,474,1274,769,1899,1097,1378,1262,1354,514,342,1441,817,904,1686,2146,1747,3028,1836,4448,409,759,634,489,576,3573,846,1501,1230,923,3769,516,792,511,594,857,739,2016,279,1163,1259,1257,961,2977,802,548,1955,568,415,588,664,420,414,603,1091,2274,1796,1635,769,4187,1018,2030,535,4838,1044,656,573,938,1677,473,1293,1233,379,393,594,4150,734,755,2218,496,1226,397,451,1408,2164,972,764,1288,702,484,782,550,1154,2021,809,705,707,2414,859,748,1952,3325,1532,420,690,900,1268,387,3890,2258,3047,1037,3068,733,2008,488,1194,1190,472,331,471,590,683,667,974,332,817,505,1700,669,811,1167,1538,439,689,3787,933,712,631,673,1152,886,495,1116,696,554,901,2303,1212,1052,1492,1530,1007,1110,1422,325,613,1223,900,3692,1055,616,577,3541,1753,624,681,546,1775,2481
38,1270,797,1014,1028,508,800,491,1650,2744,1450,359,651,343,592,3662,678,869,951,595,499,711,803,580,883,454,1119,674,1557,683,653,636,1283,1597,1549,1270,1028,653,1209,3564,1199,646,975,584,1058,1591,811,2493,483,790,726,2039,2319,1142,1039,2484,1431,2246,649,1917,399,2367,3611,2031,2784,634,495,3398,1845,1300,3943,770,590,1966,956,1260,572,472,989,803,585,1542,1655,1760,1172,1128,1133,535,781,1149,890,1757,677,1256,721,676,697,470,1100,581,656,1291,2033,1434,1008,671,920,2664,2537,818,822,708,533,2871,3849,553,486,3174,787,459,531,1122,2463,1459,1592,474,527,883,524,750,3718,869,515,427,1209,568,641,559,902,1277,547,3294,842,1398,1458,848,431,1370,928,606,2039,357,1113,1838,410,2593,731,937,1241,1152,1486,486,599,1888,1055,681,612,737,2548,670,630,449,461,2443,1003,800,2860,711,669,1566,1309,987,865,945,1428,468,754,704,2273,1340,2204,1306,469,786,363,1092,1602,2929,1020,1253,590,547,1766,705,587,357,1285,2189,551,3490,1265,796,993,630,512,596,715,3701,1535,697,453,569,1367,740,715,2251,1603,2884,1156,1596,1392,1093,1108,1026,1462,2965,2624,1538,1677,2326,525,1809,983,475,2797,1219,1531,571,1090,1635,3228,878,881,681
39,1649,4356,362,3579,1818,628,872,1001,1382,1293,726,502,724,1176,1153,850,779,2014,1058,2995,1181,673,718,573,1994,1363,367,2061,423,612,2206,596,685,1742,781,2129,1774,449,2514,1753,530,712,572,743,840,3565,1961,1837,2081,375,704,371,1372,1982,697,1145,1573,255,2564,982,776,1054,945,659,1220,834,816,1098,510,1068,526,706,363,1040,1412,1123,2084,505,2836,479,631,897,444,506,3541,3302,581,797,580,2626,908,627,1766,1286,629,464,1620,1061,1189,752,567,983,1450,2477,396,745,2702,1328,3285,922,601,1866,2955,1138,669,802,1341,412,4448,876,389,4912,572,1125,569,1374,1520,424,4141,2670,1437,368,1129,701,1937,3621,343,2152,523,572,500,1711,2173,316,507,780,563,1884,877,1021,761,771,1237,606,969,3347,819,1264,1715,3429,2395,2733,300,1031,463,1175,3118,360,1123,566,687,1114,2354,2755,436,497,2245,2150,1656,987,916,632,791,983,712,598,3354,809,743,577,1777,2562,1205,3622,794,633,1199,2632,663,2471,1350,572,1457,242,1242,2018,1310,1843,1324,439,478,2116,657,568,762,958,573,635,583,2349,2910,1812,3336,1161,1499,926,442,3460,759,588,3171,483,2397,730,1979,769,1622,528,1933,594,1099,3462,967,1408,1747,482,1268,941,542,466,439,2026,790
40,1136,1644,1074,844,1012,3609,416,679,452,741,612,906,654,976,2118,874,2453,947,476,625,502,1105,662,628,2286,817,1491,825,583,563,868,474,1187,603,1057,1918,1085,1043,1645,651,1212,798,1817,738,4536,1228,2239,4028,2485,701,3313,569,889,2445,763,967,455,1842,1339,2595,1306,425,684,570,1065,595,1294,659,1754,1159,529,432,926,1154,738,962,2131,1311,336,644,906,1238,495,557,593,956,1346,832,583,998,744,405,1547,546,4422,1184,2964,818,1078,1201,2084,1017,1094,799,1328,351,1569,859,733,765,921,3248,2350,720,1074,1246,1645,1157,1216,644,2433,441,816,612,732,632,631,964,1073,655,518,1437,1598,2863,1151,1537,1162,573,551,1119,865,1419,1435,888,1134,1574,747,1283,582,1774,566,1765,235,1238,555,1208,1951,898,2445,844,1914,1533,681,2212,1165,731,1708,780,2105,471,535,1755,336,1614,1444,968,1154,3805,645,509,1469,2363,868,1170,735,1249,1015,801,1035,508,688,773,1709,1229,638,844,581,2860,364,541,1097,2318,628,493,1188,1504,1543,828,394,692,713,395,1313,437,1289,297,626,882,562,794,2151,355,1179,425,1018,2625,1342,1354,742,562,279,1734,2658,653,722,2083,2193,792,2609,1983,614,478,2669,1369,558,790,786,509,1021,953,1493,856,682
41,480,399,453,1547,1570,1244,405,605,3112,1886,783,2760,1664,2580,2961,1170,649,1605,1805,575,749,1135,986,3365,1496,1130,951,975,1438,1202,657,1724,336,489,1028,464,1335,1034,2617,1688,612,754,2200,316,607,537,1980,525,625,1842,3212,750,2662,970,1403,1312,402,765,1283,1348,2666,558,1003,832,424,436,392,540,1005,1120,506,4263,627,1027,1169,1499,1325,705,439,659,1290,1547,740,888,807,551,1743,963,820,442,1868,1364,219,639,564,306,797,1135,1872,894,994,509,718,1227,501,2467,3157,291,577,1395,993,2593,574,1069,1811,1583,517,1336,1106,384,743,3216,511,1158,325,4458,447,1966,501,908,1837,2706,1282,492,888,635,685,895,709,740,1853,2103,683,2156,1762,724,1204,1097,604,2114,716,760,1251,2554,481,710,1045,750,1820,1274,1108,826,545,281,887,628,1052,2592,691,1525,984,1844,680,1632,440,354,391,1029,662,1009,941,376,3971,1515,974,398,701,1005,398,1170,1200,1657,1682,1268,2496,1027,480,2355,598,1281,950,736,920,429,1045,951,1035,847,1427,1160,824,2237,941,948,617,627,1444,1659,854,460,544,1746,4392,1181,1276,2905,1005,1567,1944,992,871,364,576,2496,715,2218,2533,1171,880,887,1019,1177,421,715,1978,2318,1444,577,1458,2216,2137,3860,619
42,764,913,406,850,1169,1145,377,474,681,758,765,3157,1067,1273,2208,612,3860,1656,473,745,557,1248,1159,755,651,764,341,354,837,2674,568,1475,690,3078,981,365,838,1017,503,700,1371,1010,536,1086,553,447,720,1414,942,570,1011,1524,578,1235,1026,803,694,1797,3339,737,820,512,2299,520,1181,815,427,1182,799,690,515,796,2350,778,763,396,1055,356,2306,564,640,1597,804,705,565,2415,687,1383,1573,564,625,898,651,3027,809,898,469,531,639,814,3445,2581,1038,576,576,519,1860,2208,1257,568,573,717,542,865,998,2194,2986,3069,610,826,630,1368,1814,447,1160,467,2629,751,1245,2135,457,639,1616,2361,534,1782,1082,520,3226,400,613,2160,1488,811,587,357,644,2427,727,717,396,663,1244,725,557,901,580,664,848,1730,1003,575,2359,3805,737,724,926,879,519,2067,355,582,1224,479,658,1098,1976,2734,969,2156,3864,549,1547,597,3045,447,1179,651,2133,2232,1080,771,498,1318,446,1552,665,1561,1153,448,3033,1401,2221,612,2228,708,837,614,2714,741,480,493,1378,758,561,770,837,687,870,2065,727,1936,301,1205,724,889,579,1001,916,1168,1648,1848,1909,512,2141,1182,1691,276,338,649,1451,2285,1434,2270,822,1435,362,1860,717,909,2317,832,1020
43,1210,868,589,2353,582,866,820,1237,956,3276,522,967,3161,1674,1270,2033,884,1272,1175,831,672,450,3824,1994,482,730,903,2662,638,686,557,995,2946,2847,1668,1457,1248,2565,2025,3575,2328,870,1043,1755,1836,770,387,955,781,1480,1376,1079,417,612,1606,1140,2792,310,3834,405,4539,705,2069,856,1136,1289,2213,848,2336,1682,1161,1118,823,731,842,510,1582,311,875,1768,1690,701,992,432,444,850,1045,727,1086,1136,681,3151,974,877,561,3447,1664,1048,462,464,545,764,1138,4968,468,606,932,4557,2515,1244,3077,761,504,1249,3007,877,775,1352,3331,488,547,1141,967,339,1437,564,622,439,539,2796,1106,950,743,1686,511,954,608,643,635,655,2318,633,527,832,640,622,2770,1006,2395,2657,472,1114,520,973,787,3249,453,760,499,2500,824,1686,382,535,498,999,1871,1045,1992,825,1195,751,1065,435,1615,748,3289,2536,533,1612,770,671,656,595,685,1333,447,629,1511,1305,693,923,3523,836,2155,656,1970,383,1069,1531,3854,1225,628,569,639,1468,662,2571,253,794,1139,1785,1114,3218,784,756,4472,659,618,495,802,1307,482,1620,516,861,2965,957,1946,350,436,2177,642,529,816,616,529,483,343,1210,1289,781,356,780,921,653,1420,1105,914,1232,848,747,515
44,2062,626,1803,3566,1016,2159,1107,1166,823,582,980,1924,2646,1199,566,962,2617,1216,489,1854,629,1128,892,1056,1559,1359,747,897,946,2885,1071,467,1171,1295,730,508,1932,524,624,3603,3856,925,629,404,1811,389,1743,308,644,2925,2967,697,4286,1572,609,936,533,314,1951,486,246,2129,508,706,510,4196,908,3048,642,1664,1685,719,743,1782,1249,528,912,1099,743,608,1737,1069,523,896,458,953,3620,1578,1268,436,412,1249,602,828,1030,914,854,757,3250,1109,624,320,839,4202,991,349,720,1375,699,1986,1973,518,379,760,501,2133,746,2092,434,601,368,2823,716,859,575,1202,1064,879,613,1137,2313,613,2235,2906,1864,1042,3326,669,905,2616,614,1522,741,3935,717,1259,383,777,4000,1088,606,549,812,596,365,687,1394,1062,549,937,610,2954,1272,816,1536,889,492,3307,347,685,1053,1037,1495,852,1707,1882,1473,1511,512,714,884,975,563,1134,1114,1896,1236,928,539,728,3352,694,1142,495,3132,4017,408,682,1629,578,1636,701,1602,1121,1538,1031,1159,816,1074,1083,1332,640,706,831,912,749,623,1384,1546,422,849,659,1323,298,383,922,630,797,802,4238,1467,641,1409,4126,2221,424,929,1195,529,1218,1116,1268,778,776,1649,701,890,2930,803,551,582,900,539
45,2156,1668,2503,2345,443,1070,2252,1167,781,472,789,606,1647,1035,1322,790,1022,4132,511,1151,667,541,1316,1809,618,645,862,1150,1496,1391,690,811,995,461,1274,623,2101,2658,2276,1007,591,903,858,825,753,1061,434,743,695,385,2959,2160,446,480,2244,625,936,1053,364,836,1254,564,1803,848,654,1208,2025,2611,2514,2097,1044,595,1597,3424,470,1306,565,577,839,540,2058,397,1335,3114,610,1364,858,542,1646,561,552,3592,537,1129,718,4222,2180,653,3302,682,1433,2051,1034,660,2014,607,1220,689,973,603,563,803,1110,2097,760,1036,636,3208,502,1278,1579,458,1475,1418,1520,641,355,1804,2847,893,593,1227,471,654,956,1060,674,554,398,631,389,2032,1249,1398,1615,1156,829,1834,935,751,1091,571,924,967,756,722,563,870,668,563,760,409,929,437,1051,651,387,4402,663,1890,812,697,1405,581,609,929,1881,694,1037,2636,1486,721,884,566,2645,3200,770,536,1377,482,1315,509,824,1115,684,1906,591,1785,1532,902,1750,2735,3159,994,873,592,738,825,2131,738,2566,943,480,498,718,1556,659,1102,684,1250,710,813,1061,823,477,834,685,683,1254,1007,1416,1225,2330,903,599,2626,741,583,2295,933,976,2645,548,395,583,322,814,536,780,2022,1010,739,1362
46,726,751,534,825,618,1628,688,1971,580,716,1100,2169,766,480,2023,1105,489,1585,755,1096,1245,1020,573,808,1183,845,1844,1110,1624,654,1298,873,590,587,913,2002,3727,415,779,1380,2618,594,522,581,2133,504,1258,872,1100,2440,443,1315,730,1057,695,784,2343,1815,2136,467,536,942,1214,828,1302,559,1301,545,533,2000,708,408,1344,804,1519,2219,2254,1823,1451,797,1667,728,1825,638,547,402,458,920,519,502,661,2753,555,1226,1919,1607,671,814,852,1302,2128,823,509,1377,2357,633,770,438,416,816,1080,663,502,2619,3796,751,2632,579,702,327,2381,522,1002,2057,481,1135,947,2564,372,1257,750,2483,2565,1966,4630,3191,3248,741,2058,744,1105,898,638,1070,2026,1096,715,1461,1105,408,653,1104,616,917,1369,476,1018,578,509,670,836,613,968,536,3088,937,1073,2771,2034,562,1731,731,672,676,1820,419,2176,1041,1968,428,2582,2275,1225,474,379,2485,562,2350,1423,724,357,1124,775,3473,2090,581,993,2113,434,403,1381,2033,966,392,865,333,1780,837,987,568,2548,445,807,1786,692,751,1859,1808,591,577,512,2960,879,252,1997,533,887,1058,1763,1387,1372,453,1064,563,1512,685,1038,461,533,610,2028,880,3356,3887,361,4044,1172,1942,648,686,1487,624,412
47,438,675,1526,1522,772,1597,520,981,598,2294,659,1103,1206,1773,1122,1404,2202,2712,1086,390,2012,1110,631,2170,556,3275,546,1788,412,460,809,3589,712,906,524,1213,437,940,967,2774,647,1336,3379,1857,660,2492,252,692,2279,756,721,860,1510,691,547,2289,2134,1711,358,1961,2939,709,609,590,1619,671,1422,444,574,828,894,565,987,1557,557,1856,755,653,682,1077,3246,618,1103,706,527,982,886,615,541,1754,3745,582,727,1254,1871,1712,1251,974,781,448,2905,2436,706,2480,1293,954,1466,1149,607,2172,984,843,519,1796,906,454,1167,701,510,921,964,1024,332,646,3890,553,1810,1060,867,937,2601,714,587,641,609,2858,942,520,1383,1533,901,795,1408,317,1486,421,4276,497,1379,1344,787,615,1074,1331,376,610,786,1083,1096,1818,2338,1662,564,2143,664,2114,793,471,1354,1587,3202,2753,367,1053,1925,239,604,552,2606,701,1604,609,506,2615,1195,463,1626,2058,387,753,600,2076,681,794,1780,1593,898,3864,2141,1892,1036,531,653,952,1570,408,1783,837,1764,1633,598,848,820,3308,412,646,361,975,440,464,1042,1409,1299,658,761,913,660,519,1265,1611,362,647,1657,3758,2208,1306,752,1519,310,386,594,787,605,608,2356,3801,589,518,873,3126,483,2462,2500
48,1960,855,606,1536,631,385,536,513,3467,2575,2365,709,2021,948,648,852,1304,578,466,726,412,1238,328,1078,2588,647,415,2374,747,1124,1748,910,783,2260,1780,1362,442,2244,1974,957,403,662,732,949,1929,489,1333,497,1889,2275,862,653,1159,1422,2521,1228,1257,976,619,1099,581,1094,557,1949,812,841,1676,876,804,1379,1063,858,550,1177,2077,2234,905,2676,1031,1168,2660,846,1225,1179,550,945,493,438,2384,2063,2594,582,1604,799,2805,630,725,752,1755,672,1957,934,1217,1367,3088,847,634,559,1017,1209,693,505,835,464,330,1852,892,591,794,551,696,1389,3513,3706,861,555,3893,2558,323,790,3975,491,394,472,4135,1109,604,772,1443,1171,679,1679,3174,1505,352,219,624,595,806,1298,518,1173,2137,1081,2757,1470,925,1184,1253,353,684,396,379,676,603,4258,873,1221,1401,2097,758,1387,928,593,1179,1134,727,974,1754,843,650,441,1841,3791,477,1608,940,2263,890,1496,739,856,4132,2971,1236,813,1634,1478,659,795,2149,1899,1750,655,898,3254,724,2510,643,568,607,1739,1822,1459,2123,833,1114,749,1650,2511,358,592,638,3543,1530,507,2141,512,684,751,1734,2383,569,813,2949,1681,1321,812,623,596,925,609,1685,1093,1103,821,1384,1086,751,3341,1241,427,1179
49,302,365,719,1359,1301,2945,2581,1179,4268,878,2779,1060,337,836,3270,2339,725,1025,729,922,1249,1911,624,2387,628,868,1251,1152,400,688,340,2185,1115,536,2161,424,1657,1895,976,476,837,550,461,1764,640,1429,478,617,1171,1311,1476,2029,1700,529,731,261,1692,1129,1111,831,466,551,811,650,534,471,1015,665,679,582,783,1694,775,841,1029,754,784,3006,434,1373,951,789,3575,594,986,333,1442,1274,708,1598,1076,863,702,389,1865,419,611,2304,320,420,840,741,930,514,1262,907,632,825,409,910,1143,1007,630,649,394,508,361,514,937,941,488,376,977,1329,1939,1650,400,215,775,787,468,589,789,3465,803,432,861,882,1597,1537,806,706,948,1508,659,672,1424,575,546,527,581,623,630,1788,722,874,1402,453,897,1346,2481,387,1075,1730,619,924,956,766,916,3732,568,340,5247,1150,3172,3305,3475,666,677,1120,635,1567,1528,717,2133,282,1407,974,3640,1740,1050,694,3782,3033,1231,923,1041,621,581,511,909,766,4572,988,287,1321,3469,1962,405,1339,999,1042,2294,1357,669,1342,1123,474,559,807,777,4700,1609,1201,490,741,992,1109,1363,2396,575,674,488,2520,1001,802,3215,2754,563,569,443,1676,754,875,748,583,1268,760,1061,349,2125,1371,901
50,854,1185,624,645,1109,800,600,2262,1317,1012,1453,1353,1500,1381,391,1562,662,574,689,347,899,1128,1085,498,879,825,2425,670,861,540,765,2796,330,392,687,1803,1285,1580,821,487,1829,702,969,2412,1283,848,349,1218,865,1833,536,424,388,463,333,755,1275,1024,690,451,308,2324,398,856,1215,1991,491,971,891,632,1480,2577,1259,212,456,675,453,314,2092,584,1071,1517,931,517,3006,3320,1374,1399,619,889,389,717,1071,902,959,2394,3230,468,406,1096,928,971,391,1388,1450,1064,914,536,1595,482,561,416,754,620,1574,597,1274,606,1094,2466,462,1637,508,735,444,718,631,1733,2029,910,391,1613,1425,509,982,1175,449,2625,657,986,3705,951,788,654,803,849,1022,628,267,680,589,454,1243,532,1787,1457,1021,887,955,496,1840,1613,1037,670,538,1348,832,930,767,829,2476,1652,1275,522,1025,1272,1955,779,1453,1631,978,1835,1359,3500,971,1135,402,1884,896,813,531,581,3058,880,398,2749,702,1710,900,2791,772,674,586,1278,1175,2249,496,1385,539,553,1256,3219,1514,1689,489,1008,1157,2841,721,1501,1200,848,489,827,2049,903,768,4479,351,3183,1409,1275,530,608,821,996,677,691,416,511,687,540,1018,435,449,586,979,453,586,1095,1452,1316,1736
51,1504,405,574,822,436,682,641,2477,554,1066,748,588,662,1110,889,1315,1742,1674,875,1171,658,484,575,328,757,3996,440,1675,2158,602,1427,842,1457,645,812,341,417,1035,625,502,4426,557,543,611,971,714,1330,1175,435,589,841,4158,1079,2033,796,1752,822,1132,692,2251,1888,840,730,1703,676,2861,592,2053,586,1193,1772,748,4244,2171,428,1954,336,930,1202,602,586,1225,483,636,727,1127,1724,1718,464,795,3530,1329,3806,752,1334,458,1607,413,1284,2102,1648,1109,631,575,627,1090,1501,1955,1062,536,3629,938,1242,462,1025,920,981,520,778,850,1189,701,990,1745,662,1252,694,1821,655,2973,2424,1314,471,1034,684,3323,1453,1141,554,1243,629,518,2260,537,588,844,2358,1327,936,1469,1374,1852,993,595,2118,1475,2613,1465,1004,755,575,765,810,602,647,2537,387,1275,819,2186,831,1041,634,929,1606,585,3399,992,2279,995,694,1544,1240,578,454,2274,3613,2642,1267,1046,385,753,1156,850,517,749,626,2464,4114,595,419,2901,522,1119,333,1191,2154,672,816,4446,937,306,950,1319,488,1061,798,2088,914,657,959,416,985,2660,829,2415,551,1582,1264,1492,522,561,1081,3346,1484,638,656,1274,877,902,787,347,879,867,1153,586,777,398,523,522,423,938,650
52,469,389,552,2126,1616,580,1649,609,528,539,478,882,1294,881,452,451,834,477,397,725,734,633,871,567,1379,699,764,583,643,2095,374,585,1013,380,2832,609,715,984,1018,1285,348,1157,1623,819,1245,1600,461,468,827,1678,583,631,1659,1114,1324,2340,462,2176,757,1206,2011,571,773,516,2788,3547,577,938,1304,1536,331,715,902,863,1503,922,2071,1389,499,1281,777,703,658,739,532,525,703,1528,538,1854,541,510,968,1191,720,922,382,1160,622,753,711,514,623,1892,489,562,1334,551,1227,417,2005,547,2336,931,1745,1337,630,1011,835,3292,1728,2239,352,448,1074,524,4210,1881,1004,728,764,3424,565,1624,753,527,799,463,1216,2270,711,2501,1111,630,587,2139,1045,656,1097,2801,1203,1271,889,449,1474,749,1160,1926,461,4237,481,1337,3068,1630,463,2169,2251,1675,1096,562,636,777,650,1350,1334,2685,3204,385,1898,806,1789,619,462,769,562,3002,612,3454,1224,918,420,942,1840,1191,645,1056,457,3012,2331,1221,839,1343,1495,947,503,494,467,2544,3304,256,406,1560,1101,1283,1556,2612,1945,1127,1302,1111,553,1391,900,869,1207,1180,670,1022,1207,673,2122,460,620,1378,3092,765,512,831,1719,3818,3059,1831,331,697,465,595,1902,1476,483,3473,623,1471,477
53,678,1480,501,1056,1115,4357,663,1096,966,1813,983,447,491,4554,1384,724,685,552,3639,1203,903,1830,517,730,850,1046,629,875,338,2800,3467,528,451,880,549,954,1075,1221,783,438,735,1183,1485,1061,539,619,682,686,1188,805,1268,765,662,415,2034,2496,929,861,1875,907,495,1985,948,3268,3689,780,557,436,1214,862,712,676,645,3341,3040,617,369,563,440,1399,1878,570,1262,2980,592,1473,1721,1629,1168,654,2448,1919,847,1525,532,2983,2521,1113,2110,578,557,571,3189,1291,619,1378,530,377,824,1758,500,830,313,1317,374,1038,783,1762,1544,3473,385,3682,3739,976,528,325,479,747,463,437,1134,546,204,650,563,465,1059,2414,964,1712,806,830,2914,643,2277,1721,920,1277,972,2268,1261,1852,2236,1102,2558,890,364,1144,472,1827,1400,1297,670,422,634,1094,3400,1717,464,2640,1668,1119,1144,434,1534,1147,1722,660,526,349,684,4349,657,736,804,764,679,429,992,920,572,562,612,1364,385,462,937,1949,461,768,596,1026,1752,882,2702,584,625,733,781,2939,3319,1607,821,566,1436,1083,329,418,809,695,3309,343,1275,522,583,1155,903,643,1362,1753,436,359,517,1090,487,2121,3853,950,774,1858,687,2004,825,1398,707,841,1084,306,3480,778,679,1091,1001
54,1233,537,4369,604,899,1293,393,450,412,1068,635,946,756,471,2588,534,937,636,614,669,1971,1361,1347,2013,372,2194,1210,1135,1012,623,1742,1323,1472,330,2293,712,860,621,370,998,2698,1013,2219,2008,2071,632,425,432,3503,974,3318,702,436,1223,594,798,2611,541,703,720,532,489,625,1126,464,1048,1645,3554,736,874,1132,453,490,2189,953,1070,497,3300,1166,783,3664,1691,1445,358,727,634,851,1577,3068,1083,1733,464,1448,847,616,1755,2952,781,792,1560,680,735,834,1105,1219,1517,1101,2130,377,867,1692,671,869,731,1369,884,2536,609,2334,2372,1371,259,424,1940,1449,1214,491,1291,1479,1150,899,1769,1601,1820,608,661,724,371,446,1732,1981,1395,492,1632,732,1248,398,515,2184,585,835,1960,811,1863,1109,528,696,558,530,1620,847,1938,1593,3202,2093,1278,1438,618,828,765,1369,2688,553,1006,724,496,3235,537,1158,581,1374,570,1087,1903,1038,386,881,869,1405,1284,1175,399,210,452,776,1523,1148,264,508,1103,549,713,995,540,2466,1252,1242,629,306,2959,1319,834,1550,1080,651,845,364,1746,591,2214,966,307,512,4331,413,2289,3913,831,422,1657,1038,1825,793,556,754,478,1034,2229,902,479,675,339,853,1290,352,413,520,1067,730,832,528,2317,319
55,3970,391,626,851,1826,309,1651,812,1489,1403,3196,1101,1972,974,552,1404,1580,1368,1650,712,471,434,2254,457,4697,2702,342,676,1170,4648,656,405,3486,1085,656,3080,1520,2251,533,795,1077,1185,667,804,799,433,2771,526,751,368,409,1178,605,1508,2875,971,2110,2022,656,1348,800,1065,560,581,819,691,1896,1446,610,725,1006,1428,464,949,394,515,791,624,4312,861,1874,695,576,1825,802,3374,664,572,724,385,1009,466,2057,527,421,615,1435,534,646,660,630,593,494,1870,907,1344,303,454,676,859,1675,1394,1849,1417,492,1769,1218,988,627,354,934,686,2364,621,1055,1616,630,590,733,1831,3484,1294,1200,555,1537,902,756,869,886,626,817,1837,972,1050,424,379,557,1679,2039,892,1664,2038,840,543,522,703,1403,939,1708,668,1083,1387,580,1800,488,641,773,1235,645,2391,616,1072,444,2067,795,307,767,509,1339,659,636,818,931,430,1102,568,1192,682,568,1192,493,581,196,1202,1313,436,1073,985,962,2764,1739,2687,691,754,427,906,2921,1556,1477,548,683,901,499,795,1927,429,623,1133,1158,531,1516,2584,1120,1489,1557,2901,2396,1557,421,1365,517,666,678,863,365,765,4436,541,446,806,4812,869,944,957,652,725,913,1375,3512,692,3016,384,809
56,1598,732,1073,1208,1520,2461,842,546,467,800,730,2600,901,601,3647,876,629,1189,335,658,498,1375,503,773,569,1011,449,579,1095,1384,2155,945,1462,2902,2446,500,1378,270,847,1191,780,925,862,483,526,555,1239,1049,1280,766,2807,603,1207,2421,542,2248,788,654,1916,955,971,1646,497,3907,918,3398,3438,295,503,1471,446,607,3912,988,1493,1167,755,715,419,583,1264,569,1512,1122,821,2062,740,571,1683,1492,504,766,2955,1422,4040,692,531,2495,763,2644,1613,917,648,379,1439,447,1217,685,2511,497,1220,550,1939,494,494,716,2568,1093,490,545,623,2234,1445,735,1271,416,668,1694,1310,1451,4269,577,745,2432,279,1574,3780,1718,462,321,1779,1293,648,566,3083,4110,913,1341,639,2218,576,2747,3611,3565,990,1697,541,653,2272,1523,442,502,275,963,862,886,1032,600,623,1120,951,1242,1974,1209,2234,1771,1084,1264,2274,1118,537,656,1396,875,510,547,783,4057,842,1120,1150,700,1039,460,1744,2024,584,877,800,1934,644,1165,2066,1543,408,3638,1393,3673,2108,1101,927,1782,607,700,378,533,599,448,3299,2837,4103,842,499,426,579,410,777,748,980,539,1173,786,640,2452,1319,504,529,1141,864,898,882,1991,857,3279,1261,1591,2708,775,907,463,601,283,1905
57,814,519,767,1023,3596,815,2718,830,663,453,496,2513,3697,942,702,394,3671,618,786,1581,871,787,1424,1107,1110,2591,790,392,965,1244,2320,1143,619,1218,415,395,782,770,798,1347,714,462,646,834,524,798,1673,1283,398,911,732,443,851,458,3158,794,594,1185,1746,1255,1843,1984,1595,989,700,1186,587,420,506,762,426,851,1471,1364,901,396,435,1168,499,1026,1915,1322,383,565,1017,2178,576,1977,1703,931,1098,388,3122,500,1907,1018,1516,629,2290,1584,994,525,412,1268,562,368,866,372,561,612,373,389,2873,945,1997,787,1037,1020,3428,1597,929,621,1636,442,2284,473,952,708,1030,540,584,744,1071,809,533,956,248,283,1154,3233,2903,564,814,688,2377,1176,579,1081,1445,942,4683,623,901,463,1488,704,465,1008,1084,2407,404,974,1242,283,1172,288,1306,1136,3611,755,485,954,750,805,404,1065,624,361,3461,464,1045,2489,617,2674,548,1586,702,471,2160,2516,829,2902,778,754,542,437,1369,1458,2665,1220,1694,872,552,1354,1671,2197,738,1557,642,1213,484,761,756,291,723,643,624,3204,702,972,1051,3247,711,1189,779,827,472,1026,3015,810,469,1645,1015,828,1017,513,516,1417,766,1158,3657,391,344,594,446,1684,739,345,616,2700,1068,1995,518
58,471,638,2255,3344,1028,1006,795,968,2922,1168,936,3551,1452,503,1002,3274,2722,664,470,2296,736,2202,826,684,857,842,1012,2060,568,617,948,956,1167,2557,1107,2300,1534,1078,1112,1119,659,1120,935,477,1610,502,891,1440,3648,910,954,911,1218,2026,637,479,1281,1035,1943,2005,617,876,2181,981,986,710,2607,1262,1652,512,352,2436,2784,763,731,479,1359,537,635,515,2950,1158,1030,754,603,474,475,880,553,528,743,985,1217,735,2973,878,946,896,1106,1060,1418,894,572,522,585,2547,624,489,439,691,448,346,733,643,892,1134,587,407,451,931,395,738,631,997,503,543,444,749,922,1147,2291,2431,1027,876,1153,1407,525,1287,699,899,618,2973,1207,1266,684,2410,1209,458,1190,1247,458,546,723,932,831,1448,321,441,446,382,329,547,810,496,652,1286,2861,3896,846,1300,567,1322,2708,677,602,645,1275,1502,1204,2371,885,2896,629,806,1210,691,1473,540,1385,4289,1122,766,1100,615,973,809,328,935,959,1957,933,739,4536,1703,314,651,826,297,710,1230,1250,2836,1247,666,580,685,689,2246,1859,535,1177,1307,1544,1071,3840,935,1738,1316,1147,1069,820,1463,665,787,411,1340,1031,3399,688,949,525,700,494,669,980,836,954,646,869,1729,1110,958,517
59,495,1783,3471,658,3271,1694,593,1411,557,1156,464,632,2019,633,940,1005,2032,3926,1130,2362,721,802,1197,1358,499,1461,607,1672,485,1154,791,389,634,666,583,3362,2483,3629,848,863,4392,905,1155,601,382,597,1630,534,318,1305,1419,1051,1757,2156,343,1541,638,1256,836,339,578,987,878,1807,545,1278,764,698,711,1262,1525,1802,977,457,906,537,724,483,1044,2904,1069,892,945,1062,682,566,1126,542,857,1089,647,697,611,555,1399,709,1376,1558,884,1479,2293,599,858,1783,830,280,771,536,3929,2104,503,661,644,622,939,914,652,541,2870,1608,444,634,518,549,1462,713,997,735,840,699,726,1315,538,1280,369,1549,940,367,4098,3204,442,682,840,369,724,463,418,1203,1053,1223,1242,1269,712,1122,1256,859,2076,760,472,970,606,907,552,425,624,1216,994,2948,1063,607,542,489,701,789,4272,651,352,1179,732,1309,969,2464,1555,2128,848,1800,3736,528,785,849,1444,1469,1466,2785,783,860,795,1167,766,570,860,978,1483,2420,1311,808,1899,2163,309,780,918,455,721,607,2038,750,2433,1506,2207,586,1208,1423,663,466,1718,934,547,990,505,539,1030,1386,427,941,603,380,967,1696,1200,529,3865,1044,682,1187,1760,1510,629,1233,1062,2313,786,783,704
60,2139,2877,1745,1490,3790,1966,489,856,924,493,676,1657,919,1348,4727,1064,338,851,824,1501,733,1156,1534,1524,2583,697,499,810,398,590,645,2072,1268,992,2563,824,1219,1531,624,401,723,1006,523,1606,2957,1995,398,840,878,1211,2581,676,690,1714,779,895,690,973,737,910,2147,847,603,458,788,779,721,2331,804,936,804,1306,3564,692,487,1273,559,788,1811,594,565,728,1462,4524,1293,1011,545,625,4674,1074,1189,661,702,887,1573,1113,396,777,452,2836,933,477,500,1661,5153,810,1250,432,1128,1651,435,2721,1233,612,1288,655,648,947,356,1598,677,437,821,2316,518,1383,2426,714,2646,2765,535,1038,1306,1196,653,1742,1870,567,1421,1954,2196,825,902,629,900,1724,1263,610,1223,1077,1273,2383,782,2300,1778,959,589,1064,3243,1093,1533,804,652,748,486,852,530,2076,1661,468,977,3205,1830,924,2297,763,1882,1513,1072,1161,1197,3084,2133,2807,1869,2938,665,989,346,3039,2565,1333,658,359,278,2521,956,671,783,971,3014,737,2472,1612,1926,827,2825,1362,612,1022,1234,746,509,1280,2566,697,636,721,3628,3058,3782,2780,470,1039,395,549,1546,1887,827,625,1752,838,2037,697,2009,3741,1379,764,1096,591,317,887,3041,936,578,534,900,1683,486,512,1761,1665,561
61,2088,984,544,1653,771,2757,2253,494,1103,1349,935,1957,2262,1517,1888,695,769,962,829,1653,1009,645,3817,993,724,338,1059,698,631,1493,1286,3988,968,367,3703,1264,1022,528,634,445,3594,533,1259,1559,1965,630,419,501,762,1257,444,731,878,1237,1436,358,665,2361,579,1818,474,1095,847,388,2401,2737,1551,648,1280,556,1064,1995,374,1750,669,1954,2322,561,953,2498,399,1076,908,2145,1523,2095,658,2818,3539,1062,414,1919,866,1659,2127,784,277,672,3438,1005,965,1174,3077,472,1122,1050,976,994,720,2709,808,1564,634,827,1339,1549,719,2489,594,416,353,801,2195,612,620,1671,804,1071,764,396,1392,1192,1033,977,704,1332,543,538,1782,1070,1044,608,925,1502,3766,549,425,3952,1171,1183,350,1348,1378,711,572,1400,1281,430,1529,643,2690,1025,618,2566,691,799,326,364,1616,2603,713,449,694,838,1377,668,1443,873,813,554,562,2367,471,751,824,605,744,728,1162,544,586,708,649,1068,605,532,1763,376,1730,542,1523,1410,660,1071,645,934,910,397,621,458,766,3048,1237,772,417,1084,400,630,632,1297,736,1091,1149,514,1532,765,3759,2044,740,1262,636,650,677,1933,844,676,1019,611,1288,1429,722,2495,1318,965,962,732,1334,1364,4118,584,1546,325,3617
62,642,1082,1376,647,709,1041,487,1392,629,681,749,289,2208,1225,558,1752,1429,426,675,472,757,759,414,1422,3656,1701,1004,660,551,375,2129,1221,831,1389,3462,768,1019,731,602,852,1003,597,1120,2368,520,894,511,860,1053,479,721,577,1505,681,602,991,884,1034,807,1012,3974,1846,622,981,797,1414,1110,677,753,960,1169,1236,782,402,517,739,514,251,1516,597,2837,1206,1373,554,359,1277,981,1146,491,407,1407,668,1309,820,731,3882,1697,478,621,989,3796,1195,528,778,966,808,448,744,745,1663,448,747,1842,2695,606,674,1635,2221,1181,1552,861,828,652,633,487,760,907,708,784,725,2089,1408,4484,525,658,528,2598,925,716,1195,533,781,848,367,298,1798,2158,1140,772,544,366,804,1207,961,2950,1308,1012,1355,752,723,878,607,2961,1373,988,582,492,711,1885,1097,342,588,995,387,911,516,806,3476,4612,1747,381,487,1698,2336,379,1579,1330,3842,3014,627,350,523,3371,460,3002,1011,492,2023,1072,988,1554,1131,1916,746,2145,1564,557,827,772,1457,514,1041,1835,377,647,1278,1158,1650,1185,444,3122,823,2368,906,590,2188,1729,1176,1575,3685,1881,1152,2577,974,425,2001,557,892,391,2188,1380,621,1700,652,571,3885,456,3063,4047,1149,1760,1284,1828
63,4882,649,475,2049,377,1703,687,1573,492,587,2336,1660,1290,502,844,1257,3383,345,770,990,1965,597,729,680,372,1756,832,2354,549,627,410,2121,3736,1591,1047,2206,450,620,1828,1725,1718,558,1726,2664,498,908,535,2934,2857,581,2059,2204,905,554,668,1058,434,477,1136,1046,3709,521,1688,2229,2403,1474,1174,611,623,1376,931,457,698,1327,893,1021,678,1855,1325,1478,1027,376,911,2364,555,491,1664,526,841,706,1058,848,1849,245,595,670,298,422,3344,762,579,2299,442,643,520,1151,790,633,2436,2160,351,407,959,567,1000,365,385,667,532,1859,741,1563,502,1105,601,555,530,924,722,1041,898,3154,519,829,1250,825,3104,996,541,1579,1051,2392,2142,1387,426,1123,1222,670,684,410,1048,1638,692,1462,609,753,587,644,695,1229,634,2007,1431,1223,1209,680,225,2417,829,1994,1810,234,662,380,452,1309,972,637,1562,702,1718,289,613,1035,611,605,609,1390,3353,556,2171,546,1046,3353,1104,2195,2752,768,806,509,643,592,1384,2619,726,899,2634,1092,4147,1433,855,547,635,851,512,968,926,571,388,846,3143,2982,3218,1365,1834,1082,1321,957,904,427,636,1754,2550,533,843,830,4008,504,756,868,1851,2477,515,867,715,1353,301,633,538,521,2282,806,703
